	word	meaning	source	pos
0	na'	'1SG.NOM'	(Newman 1944: 230)	PN
1	nim	'1SG.GEN'	(Newman 1944: 230)	PN
2	nan	'1SG.PRIM'	(Newman 1944: 230)	PN
3	nanni	'1SG.SEC'	(Newman 1944: 230)	PN
4	nannit	'1SG.ABL'	(Newman 1944: 230)	PN
5	na:naw	'1SG.LOC'	(Newman 1944: 230)	PN
6	na'ak'	'1DU.EXCL.NOM'	(Newman 1944: 230)	PN
7	nimgin	'1DU.EXCL.GEN'	(Newman 1944: 230)	PN
8	na:nikwa	'1DU.EXCL.PRIM'	(Newman 1944: 230)	PN
9	na:nikwa:ni	'1DU.EXCL.SEC'	(Newman 1944: 230)	PN
10	na:nikwa:nit	'1DU.EXCL.ABL'	(Newman 1944: 230)	PN
11	na:nikwaw	'1DU.EXCL.LOC'	(Newman 1944: 230)	PN
12	na'an	'1PL.EXCL.NOM'	(Newman 1944: 230)	PN
13	nimo:gun	'1PL.EXCL.GEN'	(Newman 1944: 230)	PN
14	na:ninwa	'1PL.EXCL.PRIM'	(Newman 1944: 230)	PN
15	na:ninwa:ni	'1PL.EXCL.SEC'	(Newman 1944: 230)	PN
16	na:ninwa:nit	'1PL.EXCL.ABL'	(Newman 1944: 230)	PN
17	na:ninwaw	'1PL.EXCL.LOC'	(Newman 1944: 230)	PN
18	mak'	'1DU.INCL.NOM'	(Newman 1944: 232)	PN
19	ma:gin	'1DU.INCL.GEN'	(Newman 1944: 232)	PN
20	makwa	'1DU.INCL.PRIM'	(Newman 1944: 232)	PN
21	may	'1PL.INCL.NOM'	(Newman 1944: 232)	PN
22	ma:yin	'1PL.INCL.GEN'	(Newman 1944: 232)	PN
23	maywa	'1PL.INCL.PRIM'	(Newman 1944: 232)	PN
24	ma'	'2SG.NOM'	(Newman 1944: 231)	PN
25	min	'2SG.GEN'	(Newman 1944: 231)	PN
26	mam	'2SG.PRIM'	(Newman 1944: 232)	PN
27	ma'ak'	'2DU.NOM'	(Newman 1944: 232)	PN
28	mingin	'2DU.GEN'	(Newman 1944: 232)	PN
29	ma:mikwa	'2DU.PRIM'	(Newman 1944: 232)	PN
30	ma'an	'2PL.NOM'	(Newman 1944: 232)	PN
31	mino:gun	'2PL.GEN'	(Newman 1944: 232)	PN
32	ma:minwa	'2PL.PRIM'	(Newman 1944: 232)	PN
33	'ama'	'3SG.NOM'	(Newman 1944: 231)	PN
34	'amin	'3SG.GEN'	(Newman 1944: 231)	PN
35	'amam	'3SG.PRIM'	(Newman 1944: 232)	PN
36	'amak'	'3DU.NOM'	(Newman 1944: 232)	PN
37	'amingin	'3DU.GEN'	(Newman 1944: 232)	PN
38	'ama:mikwa	'3DU.PRIM'	(Newman 1944: 232)	PN
39	'aman	'3PL.NOM'	(Newman 1944: 232)	PN
40	'amino:gun	'3PL.GEN'	(Newman 1944: 232)	PN
41	'ama:minwa	'3PL.PRIM'	(Newman 1944: 232)	PN
42	wik'	'2DU.VOC.IMPER'	(Newman 1944: 232)	PN
43	wil	'2PL.VOC.IMPER'	(Newman 1944: 232)	PN
44	watuk	'who.NOM'	(Newman 1944: 233)	PN
45	wa:tinuk	'who.GEN'	(Newman 1944: 233)	PN
46	wa:to'uk	'who.PRIM.SEC'	(Newman 1944: 233)	PN
47	ha'uk	'what.NOM'	(Newman 1944: 233)	PN
48	ha:nuk	'what.PRIM'	(Newman 1944: 233)	PN
49	ha:no'uk	'what.SEC'	(Newman 1944: 233)	PN
50	ha'uxdi'	'what.probable.NOM'	(Newman 1944: 233)	PN
51	ha:nuxdi'	'what.probable.PRIM'	(Newman 1944: 233)	PN
52	ha:no'uxdi'	'what.probable.SEC'	(Newman 1944: 233)	PN
53	ha'traw	'what.supposed.NOM'	(Newman 1944: 233)	PN
54	hawiyuk	'what.kind.NOM'	(Newman 1944: 234)	PN
55	hawyuk	'what.kind.NOM'	(Newman 1944: 234)	PN
56	hawiyo'uk	'what.kind.PRIM'	(Newman 1944: 234)	PN
57	hawyo'uk	'what.kind.PRIM'	(Newman 1944: 234)	PN
58	hawiynuk	'what.kind.SEC'	(Newman 1944: 234)	PN
59	hawye:no'uk	'what.kind.SEC'	(Newman 1944: 234)	PN
60	hiyuk	'where.NOM'	(Newman 1944: 235)	PN
61	hiyo'uk	'where.LOC'	(Newman 1944: 235)	PN
62	hiye:tuk	'where.ABL'	(Newman 1944: 235)	PN
63	hiyentuk	'where.ABL'	(Newman 1944: 235)	PN
64	hawshre:no'uk	'how.many.LOC'	(Newman 1944: 235)	PN
65	ha:'intraw	'what.supposed.PRIM.SEC'	(Newman 1944: 233)	PN
66	'a:dran	'be exited [sic]'	()	VB
67	'a:dray'	'boast'	()	VB
68	'a:lat	'lick'	()	VB
69	'a:lat'	'lick'	()	VB
70	'a:mal	'help'	()	VB
71	'a:p'a	'ride'	()	VB
72	'a:pa:/	'carry s.o. on ones back'	()	VB
73	'a:xa	'stay overnight itr'	()	VB
74	'aba	'pile on'	()	VB
75	'ada:l	'make sth lower'	()	VB
76	'adra	'chop'	()	VB
77	'aga:y	'get sth out (of fire, waterhole, a deep place, by pulling)'	()	VB
78	'agay	'pull across'	()	VB
79	'ahatr	'ask for, beg'	()	VB
80	'ak'al	'put ones arms around s.o.s head'	()	VB
81	'alashr	'take the wrong course, get lost'	()	VB
82	'alashr	'get lost, to take the wrong course'	()	VB
83	'alay	'rape'	()	VB
84	'alum'wiyi	'grab with ones mouth, put into ones mouth'	(Newman 1944: 59)	VB
85	'alu:m'wiyi	'put into the mouth slowly'	(Newman 1944: 59)	VB
86	'amac	'approach, go near'	()	VB
87	'an'wiyi	'lean against'	()	VB
88	'anatrwal/	'dream (about)'	()	VB
89	'asas	'bite'	()	VB
90	'asas'	'bite'	()	VB
91	'at'	'cut'	()	VB
92	'atra'le:	'cause to open'	()	VB
93	'atral	'open'	()	VB
94	'atral'	'uncover'	()	VB
95	'awa:tr	'dislike'	()	VB
96	'awatr	'dislike'	()	VB
97	'ay'ak'	'throw the lance'	()	VB
98	'ay'ay'wiyi	'be bent back'	()	VB
99	'ayay	'pole a boat, steer a boat with a pole'	()	VB
100	'e:dil	'get hungry'	()	VB
101	'e:k'a	'see, look at'	()	VB
102	'e:k'a:/	'look back at'	()	VB
103	'e:liw	'bloom'	()	VB
104	'e:pi	'swim'	()	VB
105	'e:pshril	'gather lake-trout'	()	VB
106	'e:ti	'scrape together'	()	VB
107	'i:lwiyi	'blow on (as wind)'	()	VB
108	'ile:	'fan'	()	VB
109	'ile:ma:/	'act mean toward, be feared'	()	VB
110	'ile:ma:/	'be feared'	()	VB
111	'ilik	'sing'	()	VB
112	'imik'wiyi	'drop, sink out of sight'	(Newman 1944: 60)	VB
113	'ine:sa:	'be good'	()	VB
114	'inmitrk'a:	'become jealous of (N-->V)'	()	VB
115	'inmitrk'a:/	'be jealous of'	()	VB
116	'insinxo	'like'	()	VB
117	'insis'	'do well'	()	VB
118	'ipitr	'throw off/out, pick off'	()	VB
119	'itri	'take in payment for a debt'	()	VB
120	'o'chra:	'watch (as spectator)'	()	VB
121	'o'tsa	'watch (?ochra in Gamble 1994)'	()	VB
122	'o:'o:wiyi	'crow'	()	VB
123	'o:kuc'	'depend upon, desire'	()	VB
124	'o:sa:/	'feel the opposite sex in the dark'	()	VB
125	'o:tr'u	'steal'	()	VB
126	'o:wiyi	'crow'	()	VB
127	'o:yo	'move place of residence'	()	VB
128	'obtol'	'raise up tr'	()	VB
129	'oglin	'emerge (non-mp is apparently ?ogol)'	()	VB
130	'ogol	'come to the surface'	()	VB
131	'ohe:m	'be not'	()	VB
132	'ohe:mta:	'make nothing'	()	VB
133	'ohom+ta:	'become not'	()	VB
134	'ohyo:	'want, look for (YT has root ?oyoxo)'	()	VB
135	'ohyo:/	'look for'	()	VB
136	'ol'olwo:/	'be bashful toward'	()	VB
137	'opo:no:	'menstruate'	()	VB
138	'opo:t	'get up (from sleep), arise from bed'	()	VB
139	'oshrot	'to handle fire'	()	VB
140	'owokwiyi	'raise ones head'	(Newman 1944: 59)	VB
141	'oyew'ex''	'be miserable'	()	VB
142	'oyo:wix	'pity, have sympathy with'	()	VB
143	'oyo:wix/	'pity, have mercy on'	()	VB
144	'oywis	'try, make an attempt'	()	VB
145	'ozhiye:	'write, draw (YT has root ?utsiyo)'	()	VB
146	'ozhriy'e:	'write, take a picture'	()	VB
147	'u:le	'be parked'	()	VB
148	'ugo:n	'drink'	()	VB
149	'ugun	'drink'	()	VB
150	'uhwiyi	'cough'	()	VB
151	'unununwiyi	'shiver'	()	VB
152	'up'up'wiyi	'become round'	()	VB
153	'ushr'ushrwiyi	'quiet a baby to sleep repeatedly'	()	VB
154	'ushrk'un	'be worried, take sth to heart'	()	VB
155	'ut'ut'wiyi	'perch on a summit, on top of sth'	()	VB
156	'utru	'play music'	()	VB
157	'utuy	'fall'	()	VB
158	ayanayawiyi'	'sway'	()	VB
159	ba'mo:	'smoke (tobacco)'	()	VB
160	ba:lo:	'feel in the dark'	()	VB
161	ba:lo:/	'feel in the dark'	()	VB
162	ba:nwiyi	'run the hand over'	()	VB
163	bala:s	'creep on hands and knees'	()	VB
164	balak'	'be sated (with food)'	()	VB
165	balaywiyi	'slide on sth slippery'	()	VB
166	bana:na:/	'lie down'	()	VB
167	bananwiyi	'lie down'	(Newman 1944: 112)	VB
168	bat'an	'face (toward)'	()	VB
169	batr'in	'fall down'	(Newman 1944: 75)	VB
170	baw'a	'be enough'	()	VB
171	bay'e:na:/	'know how, learn'	()	VB
172	be:dik'	'excrete, defecate'	()	VB
173	be:li	'swim'	()	VB
174	be:ni	'cook by burying in ashes'	()	VB
175	be:win	'sew'	()	VB
176	bidi:nwiyi	'walk over a high place'	(Newman 1944: 59)	VB
177	bidinwiyi	'tumble from a high place'	()	VB
178	bilen'	'make a bundle'	()	VB
179	bilishr	'finish'	()	VB
180	bin'in'wiyi	'look down at the feet, bend over frontward'	()	VB
181	bine:t	'ask'	()	VB
182	bishrix	'gut, take out guts'	()	VB
183	biwbiwwiyi	'be ringing itr'	()	VB
184	biyatr'wiyi	'be spiral'	()	VB
185	biye:tr'	'twist'	(Newman 1944: 61)	VB
186	bo:do	'circumcise'	(Newman 1944: 159)	VB
187	bo:hutr'	'grow up'	()	VB
188	bo:won	'set a trap'	()	VB
189	bok'o	'find'	()	VB
190	boko	'nudge'	()	VB
191	bol'o	'wind sth around'	()	VB
192	bonoy	'have two, make two'	()	VB
193	boy'e:tr'a:/	'become miserable'	()	VB
194	boy'o:me:	'become pretty'	()	VB
195	bududwiyi	'turn the anus'	()	VB
196	buk'uk'wiyi	'bulge out'	(Newman 1944: 159)	VB
197	buk'wiyi	'thump (as a result of having been dropped)'	()	VB
198	c'abbo:	'suck at sth'	()	VB
199	c'adab	'turn over, tip over, around'	()	VB
200	c'ala	'hatch'	()	VB
201	c'alwis'	'hatch oneself'	()	VB
202	c'am'a	'hold tightly in the hand'	(Newman 1944: 15)	VB
203	c'apa:	'recede (as swellings)'	()	VB
204	c'e:da:	'gather greens, eat greens (N-->V) itr/tr?'	()	VB
205	c'e:da:/	'eat greens'	()	VB
206	c'e:la:lno:	'go on the bridge (N-->V)'	()	VB
207	c'ec'wis	'try, make efforts'	()	VB
208	c'ige:y	'twist'	()	VB
209	c'igiy	'string (unstring?) the bow'	()	VB
210	c'iliw	'get dizzy'	()	VB
211	c'iliw	'get drunk'	()	VB
212	c'imik'wiyi	'close the eyes'	()	VB
213	c'imikwiyi	'close ones eyes itr'	()	VB
214	c'in'iw	'be in the shade'	()	VB
215	c'ip'i	'surround'	()	VB
216	c'ixil	'roast (on embers)'	()	VB
217	c'o:du	'pull the hair, to skin'	()	VB
218	c'o:mu	'destroy, devour'	()	VB
219	c'o:po:/	'kiss'	()	VB
220	c'o:w'o:	'work, grasp, touch (110 has cowo)'	()	VB
221	c'okot	'be wild, be suspicious'	()	VB
222	c'okot	'be suspicious, be wild'	()	VB
223	c'ololwiyi	'turn white'	()	VB
224	c'owo	'grasp'	()	VB
225	c'owo	'work'	()	VB
226	c'udo:l	'hatch tr'	()	VB
227	c'uduc'wiyi	'tear out the hair, tear off the skin'	()	VB
228	c'ugwiyi	'be silent'	()	VB
229	c'uk'wiyi	'be silent'	()	VB
230	c'uyo:	'urinate'	()	VB
231	cawa	'shout'	(Newman book 1 story 3)	VB
232	chri'in	'waylay'	()	VB
233	chrima:xwiyi	'slowly become twilight'	()	VB
234	chriti:k'wiyi	'make a short turn'	(Newman 1944: 59)	VB
235	co:pun	'consent'	()	VB
236	coyo:pwiyi	'slide'	(Newman 1944: 59)	VB
237	da'a'le:	'bring to life'	()	VB
238	da'ak'	'shine (of sun)'	()	VB
239	da'al	'come to life, escape'	()	VB
240	da:ba:	'try again (after you or others have failed before)'	()	VB
241	dabak'wiyi	'be bending (as stick)'	()	VB
242	daban	'lose what one has'	()	VB
243	dagakwiyi	'open ones palm'	()	VB
244	dak'wiyi	'plug up'	()	VB
245	dala	'flatten (grass or brush on ground)'	()	VB
246	dalay'wiyi	'slip'	()	VB
247	dama	'make suffocate'	()	VB
248	damna:	'try'	()	VB
249	danaywiyi	'saunter about'	()	VB
250	datr'at	'track'	(Newman 1944: 15)	VB
251	dawak'	'extinguish, put out'	()	VB
252	de'ya:	'haul away'	()	VB
253	de:mide:mi	'think about'	()	VB
254	de:y'a:/	'haul, carry about'	()	VB
255	de:yi	'take the lead, get in front'	(Newman 1944: 159)	VB
256	de:yil	'guard, watch (wait for)'	()	VB
257	di'ichr	'sane (up), hoard'	()	VB
258	di'ishr	'repair, make'	()	VB
259	dibi	'pull the hair, feathers'	()	VB
260	dik'e:n	'stay behind'	()	VB
261	dil'il'wiyi	'become sloping, lie down on the side'	(Newman 1944: 159)	VB
262	dile:n	'go along the edge, follow the shoreline'	(Newman 1944: 61)	VB
263	dimna:/	'imitate, copy, take after'	()	VB
264	dini	'shield'	()	VB
265	diwe:tr'a:	'become hard (A-->V)'	()	VB
266	diwtr''in	'consider to be tough'	()	VB
267	do'o	'touch with the penis'	()	VB
268	do:lu	'climb'	()	VB
269	do:lul	'climb'	()	VB
270	do:so	'report, tell about'	()	VB
271	dom'	'cover'	()	VB
272	dotr''in	'consider to be bad'	()	VB
273	dotr'e:'a:	'become bad (A-->V)'	()	VB
274	dotr'e:(')	'break?'	()	VB
275	dotr'e:ya:	'spoil, cause to become bad'	()	VB
276	draxa	'step over, take a step'	()	VB
277	dubu	'lead/take by the hand'	()	VB
278	dugogla:	'straighten'	()	VB
279	dugugwiyi	'become straight'	(Newman 1944: 160)	VB
280	dule	'climb'	()	VB
281	dumu	'pile'	()	VB
282	dutr'u	'dip ones bread in the soup'	()	VB
283	duyu	'sting'	()	VB
284	ga:gwiyi	'cackle'	()	VB
285	ga:yal	'await?'	()	VB
286	gaba:tiy/	'fail'	()	VB
287	gaba:tiy/	'be lazy, fail'	()	VB
288	gabab	'reach out for'	()	VB
289	gababgababwiyi	'wave the hand several times'	()	VB
290	gababwiyi	'wave the hand once'	()	VB
291	gada:y	'be unable to reach sth, give out'	()	VB
292	galan	'have a miscarriage, die in childbirth'	()	VB
293	ganaw	'tangle, wrap around s.o.'	(Newman 1944: 75)	VB
294	ganawwiyi	'ride a horse bareback, twist around once'	()	VB
295	gapa	'uphold, help'	()	VB
296	gapa	'help, uphold'	()	VB
297	gaswiyi	'spread through'	()	VB
298	gatr'atr'	'wrap ones legs around sth, hold sth between ones legs'	()	VB
299	gatr'la:	'fish with a hook and line'	()	VB
300	gatr'la:/	'catch fish (with hook and line)'	()	VB
301	ge:wi	'meet'	()	VB
302	gi'iy	'oppose'	()	VB
303	gidiw	'surround'	()	VB
304	gitr'e:n	'hold under the arm'	(Newman 1944: 166)	VB
305	gitr'i	'hold between two objects'	()	VB
306	giw'iw'wiyi	'turn the side parallel'	(Newman 1944: 160)	VB
307	giwe:na:/	'pack on the back'	()	VB
308	giwil	'meet s.o.'	()	VB
309	giwiw'wiyi	'turn ones side to s.o.'	()	VB
310	giy'i	'touch'	()	VB
311	go:bin	'enter'	()	VB
312	go:bo	'put in, take in'	()	VB
313	go:bo	'take in, put in'	()	VB
314	go:bo:	'put in, take in'	()	VB
315	go:gwiyi	'cluck'	()	VB
316	go:nin	'go down'	()	VB
317	go:non	'alight'	()	VB
318	go:tr'o	'overtake'	()	VB
319	gobo:ne:	'take in, cause to go in'	()	VB
320	gochro:h'	'be tiny'	()	VB
321	gomdi:xo:	'embrace'	()	VB
322	gomod	'embrace'	()	VB
323	gomot	'embrace'	()	VB
324	gomwiyi	'make a loud noise, rumble, thunder'	()	VB
325	gomwiyi	'rumble, make a loud noise, thunder'	()	VB
326	gomwiyi	'thunder, rumble'	()	VB
327	gonlo:	'cause to descend'	()	VB
328	gonlo:/	'cause s.o. to come down'	()	VB
329	gopo	'care for infant'	()	VB
330	goyow	'win back what one has lost'	()	VB
331	gugu	'tear out'	()	VB
332	gumo:y	'serve as midwife'	()	VB
333	gumumwiyi	'bend over slightly'	()	VB
334	gunumwiyi	'stoop over'	(Gamble 1994: 78)	VB
335	ha'zha:/	'keep on doing sth'	()	VB
336	ha:tam	'dance'	()	VB
337	ha:y'a:/	'laugh'	()	VB
338	ha:ywiyi	'answer'	()	VB
339	hac'me:xo:	'become new'	()	VB
340	hadal	'go under'	()	VB
341	hadray	'make s.o. a glutton'	()	VB
342	hak'a:win	'persecute, ridicule'	()	VB
343	hala:l	'raise, lift up'	(Newman 1944: 114)	VB
344	ham'wiyi	'cave in'	()	VB
345	hashra:k'in	'be thirsty'	()	VB
346	hashrak	'make s.o. thirsty'	()	VB
347	hatam	'dance'	()	VB
348	hawa	'do what?'	()	VB
349	hawa'ta:nuk	'was doing what? (interrogative)'	()	VB
350	hawa'tamuk	'having done what? (interrogative)'	()	VB
351	hawa'to'uk	'will be/is doing what? (interrogative)'	()	VB
352	hawa:'	'do what'	()	VB
353	haway	'do what'	()	VB
354	hawiynuk	'do what? (interrogative)'	()	VB
355	hawyatxo'uk	'was faring how? (interrogative)'	()	VB
356	haway	'be able to do'	(Newman 1944: 233)	VB
357	hawiynuk	'do.what.AOR'	(Newman 1944: 234)	VB
358	hawiyto'uk	'do.when.AOR'	(Newman 1944: 234)	VB
359	hawyatxo'uk	'fare.how.DURAOR'	(Newman 1944: 234)	VB
360	hawyinuk	'do.what.FUT'	(Newman 1944: 234)	VB
361	hawa'ta:nuk	'do.what.DURAOR'	(Newman 1944: 234)	VB
362	hawa'ta:hinuk	'do.what.AOR'	(Newman 1944: 234)	VB
363	hawa'tamuk	'do.what.CONSGER'	(Newman 1944: 234)	VB
364	hawa'taluk	'do.what.DUBIT'	(Newman 1944: 234)	VB
365	hawa'to'uk	'do.what.DURFUTPRES'	(Newman 1944: 234)	VB
366	hiye'naxo:nuk	'be.where.CONSAOR'	(Newman 1944: 235)	VB
367	hiye'na:nuk	'go.where.DURAOR'	(Newman 1944: 235)	VB
368	hiye'no'uk	'go.where.FUT'	(Newman 1944: 235)	VB
369	hiye'nalo'uk	'go.where.CAUS.FUT'	(Newman 1944: 235)	VB
370	haywis	'laugh'	()	VB
371	he'ca:	'tease (Newman 1944:104 has hec.c.aa, cf. Gamble 1994:78 note 2)'	()	VB
372	he:xi	'fatten, apply grease'	(Newman 1944: 159)	VB
373	he:xin	'get fat'	()	VB
374	hechrchra:	'tease'	()	VB
375	hew'ta:	'walk about, roam'	()	VB
376	hi:k'wiyi	'make a panting sound'	()	VB
377	hi:t'wiyi	'inhale smoke'	()	VB
378	hibe:y	'bring water'	()	VB
379	hic'e:y	'tighten'	()	VB
380	hidba:/	'be/become naked'	()	VB
381	hide:s	'gather wood'	()	VB
382	hik'iy	'play'	()	VB
383	hik'wiyi	'hiccup'	()	VB
384	hilal	'be visible, appear'	()	VB
385	hilim	'slander the dead or helpless'	()	VB
386	hilit	'announce'	()	VB
387	hin'i	'prop up'	()	VB
388	hishri	'get ripe, become cooked'	()	VB
389	hishri:ne:	'hide, cause to become hidden'	()	VB
390	hishrin	'hide'	()	VB
391	hiwe:t	'walk, travel'	()	VB
392	hiy'aw'tra:/	'become belligerent'	()	VB
393	hiye'naxo:nuk	'was where? (interrogative)'	()	VB
394	hiye'no'uk	'will go where? (interrogative)'	()	VB
395	hiyt'iwla:'	'become happy'	()	VB
396	hiyt'iwla:/	'be glad'	()	VB
397	ho:le:	'tell a story'	()	VB
398	ho:mon	'welcome, greet'	()	VB
399	ho:se:/	'drive sth away'	()	VB
400	ho:tron	'take the scent'	()	VB
401	ho:ye:	'send'	()	VB
402	ho:ye:/	'give orders to s.o., send'	()	VB
403	hodob	'make four'	()	VB
404	hogo:ge:	'run water in a hole to drown squirrels'	()	VB
405	hogon	'float downstream'	()	VB
406	hohshre:	'breathe'	()	VB
407	hohshre:/	'breathe'	()	VB
408	hono	'lay an egg'	()	VB
409	hosiw'	'be cold'	()	VB
410	hosow	'be cold'	()	VB
411	hot'o	'to set fire to sth'	()	VB
412	hot'o:ne:	'build a fire'	()	VB
413	hoy'le:	'hunt'	()	VB
414	hoy'le:/	'hunt'	()	VB
415	hoyin	'fly (mpass of send?)'	()	VB
416	hoynil	'rally'	()	VB
417	hoyo:	'name (read in YT)'	()	VB
418	hoyon	'fly'	()	VB
419	hubushr	'choose'	()	VB
420	hucu	'frighten s.o. by being a ghost'	()	VB
421	hudo:k'	'straighten'	()	VB
422	hudu	'recognize, know'	()	VB
423	huguy	'mix'	()	VB
424	hulo:shr	'sit down'	()	VB
425	hunoc'mo:/	'be brave'	()	VB
426	hunu	'block'	()	VB
427	hususwiyi	'stiffen (out)'	(Newman 1944: 60)	VB
428	hut'awne:	'welcome, give somebody attention'	()	VB
429	hutr'awne	'pay attention'	()	VB
430	hutr'u	'cook bread in ashes'	()	VB
431	huxus	'vomit'	()	VB
432	huy'wus	'hurt accidentally'	()	VB
433	k'abad	'brand'	()	VB
434	k'abe:tr'a:	'become warm (A-->V)'	()	VB
435	k'abe:tr'a:/	'become warm'	()	VB
436	k'an'a	'touch the goal in the lance game'	()	VB
437	k'asa	'stick'	()	VB
438	k'atal'	'strike the ball with the katal'	()	VB
439	k'ataw	'break apart?'	()	VB
440	k'atr'wiyi	'snap the teeth'	()	VB
441	k'ay'a	'urinate (animals)'	()	VB
442	k'ay'e:wis	'ask for mercy'	()	VB
443	k'aye:wis/	'ask for mercy'	()	VB
444	k'e:li	'smear, dab'	()	VB
445	k'ehey'a:	'feel sad'	()	VB
446	k'i:k'wiyi	'squeak'	()	VB
447	k'ihe:y	'feel sorry'	()	VB
448	k'il'wiyi	'click'	()	VB
449	k'itiy	'chop off'	()	VB
450	k'itr'i	'cut off'	()	VB
451	k'iwil	'meet tr'	()	VB
452	k'o'o	'throw at, throw'	()	VB
453	k'oy'oy'wiyi	'bend sideways'	()	VB
454	k'ubu	'strike the ground'	()	VB
455	k'ubwiyi	'strike a flat object on the ground'	()	VB
456	k'ulululwiyi	'roll (as a result of being kicked or pushed)'	()	VB
457	ka:kwiyi	'cackle'	()	VB
458	katay	'be unable to reach'	()	VB
459	ke:la:/	'measure'	()	VB
460	ke:tr'i	'tear'	()	VB
461	ke:w'i	'stir'	()	VB
462	ke:w'ike:w'i	'stir'	()	VB
463	kinip	'put on a dress'	()	VB
464	kiyi	'touch'	()	VB
465	koshron	'be unable to find, miss'	()	VB
466	koyo	'butt, hook with the horns'	()	VB
467	kunu'	'strike (with the hand)'	()	VB
468	kusine:lo	'cook'	()	VB
469	la'as	'fletch'	()	VB
470	la:n'a:	'listen'	()	VB
471	la:na	'hear'	()	VB
472	laba:y	'gather greens'	()	VB
473	labay	'gather (food) tr/itr?'	()	VB
474	laga:	'spend the night'	()	VB
475	lagan	'set a day for a feast'	()	VB
476	lage:l+ta:	'become different'	()	VB
477	lagil	'scatter in different places'	()	VB
478	lal'wiyi	'take a long hopping stride'	()	VB
479	lalag	'hang sth'	()	VB
480	lalk'e:	'hang'	()	VB
481	lanat'	'take a piece from sths side'	()	VB
482	lap'	'whip'	()	VB
483	lap'a	'whip'	(Newman 1944: 15)	VB
484	latra:wo:/	'carry s.o. down'	()	VB
485	law'law'wiyi	'flap up and down (of resilient material)'	()	VB
486	lay'	'kick'	()	VB
487	lay'a	'kick'	()	VB
488	layak'	'wade'	()	VB
489	laywiyi	'take one long stride, start on a trot'	()	VB
490	lets'a	'talk to'	()	VB
491	li'e:	'sink itr'	()	VB
492	lihim	'run'	()	VB
493	lilin	'get dewy'	()	VB
494	lim'i	'have spasms (YT has faint)'	()	VB
495	lim'wiyi	'cloud up'	()	VB
496	lima:k'wiyi	'be dusk'	()	VB
497	limi	'file'	()	VB
498	linic'	'talk to, speak (see letsa)'	()	VB
499	liwe:c'a:	'get cold'	()	VB
500	lo:l'o:	'leave behind, let go of, quit'	()	VB
501	lodrog	'hurry'	()	VB
502	logow	'pound into powder, pulverize'	()	VB
503	lol'o	'allow, let go, quit'	(Newman book 1 story 3)	VB
504	loptril	'gather fish'	()	VB
505	lowo:niws'	'hold a feast?'	()	VB
506	lowon	'attend a feast'	()	VB
507	lowoy	'take advantage of s.o.'	()	VB
508	loxo	'pour, spill'	()	VB
509	lozho:x	'scare s.o.'	()	VB
510	luk'ul	'bury'	()	VB
511	lupay	'gather greens tr'	()	VB
512	ma'a	'look down'	()	VB
513	ma:wo:	'play the musical bow'	()	VB
514	ma:wo:/	'play the musical bow'	()	VB
515	ma:xa	'procure, get (116 has maxa)'	()	VB
516	mala:pin/	'make a mistake'	()	VB
517	malad	'speak bitanisa rapidly(?)'	()	VB
518	malapwiyi	'make a mistake'	()	VB
519	mane:'a'	'increase'	()	VB
520	maxa	'take'	()	VB
521	me:k'i	'swallow'	()	VB
522	me:ki	'swallow'	()	VB
523	me:li	'harrow, erase'	()	VB
524	me:nitr'	'nurse itr'	()	VB
525	me:yi	'cut with shears'	()	VB
526	me:zhrin	'be in earnest'	()	VB
527	me:zhrin	'be certain'	()	VB
528	mic'wiyi	'suckle'	()	VB
529	midi	'sprinkle'	()	VB
530	mik'wiyi	'gulp, swallow'	()	VB
531	miti	'throw on'	()	VB
532	miwwiyi	'whistle through the air'	()	VB
533	mo:lu	'cheat'	()	VB
534	mo:no	'put in ones mouth'	()	VB
535	mo:xol	'become old'	()	VB
536	mo:yon	'become tired'	()	VB
537	modrok'	'make sth become black'	()	VB
538	modrok'wiyi	'be black'	()	VB
539	mokoyno:	'acquire a stepmother'	()	VB
540	mokye:'	'take a wife'	()	VB
541	mokye:/	'fornicate, take a wife'	()	VB
542	molol	'cheat'	()	VB
543	molotr	'gather seeds'	()	VB
544	monon	'forget'	()	VB
545	mononhol	'tease'	()	VB
546	muhu	'dive'	()	VB
547	muluk	'singe the hair off'	()	VB
548	mun'u	'turn around, turn the back'	()	VB
549	munu	'turn ones back'	()	VB
550	mutru	'smear'	()	VB
551	nadadwiyi	'become flat, become smooth'	(Newman 1944: 159)	VB
552	naxme:sna:	'acquire a father-in-law'	()	VB
553	naya	'shoot at a moving object'	()	VB
554	ne'a:wwiyi	'be evening'	()	VB
555	ne'ca:	'be sleepy'	()	VB
556	ne:k'i	'draw the bow'	()	VB
557	ne:wi	'bend the branch of a tree'	()	VB
558	ne:yo:	'shake (tr)'	()	VB
559	nek'i'	'draw (bow) tr'	()	VB
560	ni'e:w	'come late'	(Newman book 1 story 3)	VB
561	nine:	'keep still, become quiet'	()	VB
562	nitr'i	'press'	()	VB
563	no:bo	'gather'	()	VB
564	no:mno:mwiyi	'pucker in and out'	()	VB
565	non'o	'fornicate with a woman'	()	VB
566	non'wos'	'sleep'	(Newman book 1 story 3)	VB
567	nowochr	'befriend'	()	VB
568	nuko:m'	'bend, double over'	()	VB
569	num'u	'hold with the anus'	()	VB
570	p'a:xan	'be afraid'	()	VB
571	p'alatr'wiyi	'stick out the tongue'	()	VB
572	p'axa:t'	'mourn'	()	VB
573	p'im'im'wiyi	'be filled with water'	(Newman 1944: 60)	VB
574	p'ishrishrwiyi	'turn the anus to'	()	VB
575	p'isi	'burn'	()	VB
576	p'oy'otr	'make s.o.s mouth crooked'	()	VB
577	p'uchr'wiyi	'spurt on, ejaculate'	()	VB
578	p'umu	'fill'	()	VB
579	p'utr'wiyi	'ejaculate sexually'	()	VB
580	pa'atr	'fight'	()	VB
581	pac'alwiyi	'turn red'	()	VB
582	pak'a:tin	'remember'	()	VB
583	pak'at	'remind, make remember'	()	VB
584	palamwiyi	'flame'	()	VB
585	palwiyi	'spread out quickly (as water on the ground)'	()	VB
586	pana:	'arrive'	()	VB
587	panwix	'bring'	()	VB
588	panwix/	'deliver'	()	VB
589	patr'wiyi	'guess in handgame, strike'	()	VB
590	paw'a	'fit oneself in, be enough'	()	VB
591	paxyo:	'scatter itr'	()	VB
592	pe:shri	'perform shamanistic services'	()	VB
593	pic'i	'count'	()	VB
594	pichriw	'catch, grasp'	()	VB
595	pichriw'	'pull out, catch tr'	()	VB
596	pitelis'	'advise'	()	VB
597	pitelse:	'act of advising, teach, advise'	()	VB
598	piwe:shr'	'pound acorns'	()	VB
599	piwishr	'pulverize seeds'	()	VB
600	po:huk'	'survive itr'	()	VB
601	po:su	'blow on'	()	VB
602	pok'wiyi	'pierce through'	()	VB
603	po:shru	'blow the breath'	(Newman 1944: 165)	VB
604	potoxwiyi	'smash'	()	VB
605	puhuk'	'survive'	()	VB
606	pulo:mna:	'acquire a husband'	()	VB
607	pulwiyi	'pop out'	()	VB
608	pun'u	'fold'	(Newman 1944: 15)	VB
609	pusuc'	'whistle'	()	VB
610	putr'putr'wiyi	'whirl about in the air repeatedly'	()	VB
611	putr'wiyi	'fly about, whirl about'	()	VB
612	pu:tr'wiyi	'fill the air with whirling motion'	(Newman 1944: 57)	VB
613	salwun	'glow'	(Newman notebook 3)	VB
614	sa:mwiyi	'diminish in size'	()	VB
615	san'an'an'wiyi	'shake, quake itr'	()	VB
616	sana:xwiyi	'be hazy, indistinguishable'	()	VB
617	sananwiyi	'quake'	()	VB
618	saxal	'apply wax'	()	VB
619	sha:lak'	'wake up (itr)'	()	VB
620	shralap'	'shave, whittle'	()	VB
621	she'el	'rain'	(cf. Harrington,Reel 89,Slide 256)	VB
622	shra:lak'	'wake up'	()	VB
623	shra:pa	'burn'	()	VB
624	shralk'e:	'be awake'	()	VB
625	shrapapwiyi	'cock the ears'	()	VB
626	shre:nitr'	'smell'	()	VB
627	shri'e:l	'rain'	()	VB
628	shridig	'pile up (similar objects in a stack)'	()	VB
629	shril'i	'see'	()	VB
630	shrilit'	'jump'	()	VB
631	shripshra:/	'to perform with magical powers'	()	VB
632	shriy'iywiyi	'tip over itr'	()	VB
633	shro:gu	'pull out an unfastened object'	()	VB
634	shro:gu	'pull out (eyes)'	()	VB
635	shro:lo	'constipate'	(Newman notebook 3:24)	VB
636	shro:mo:/	'cover with the palm of the hand'	()	VB
637	shrododwiyi	'become circular'	()	VB
638	shrodritr'	'drag, pull out?'	()	VB
639	shroglin	'get perforated'	()	VB
640	shrogol	'perforate'	()	VB
641	shrokow	'be windy'	()	VB
642	shrolololwiyi	'be rattling'	()	VB
643	shroposhr	'gather the wild crops'	()	VB
644	shropoy	'make three'	()	VB
645	shrotrotr	'pull, drag'	()	VB
646	shroxo	'exterminate, massacre'	()	VB
647	shrudo:k'	'remove'	()	VB
648	shrunu	'plug, stuff up'	()	VB
649	shrup'u	'put in a sack'	()	VB
650	shrutu	'fit sth onto sth'	()	VB
651	shruyna:/	'buy'	()	VB
652	shruyun	'go shopping'	()	VB
653	si'e:y	'give a confession feast'	()	VB
654	si:nwiyi	'blow ones nose'	()	VB
655	sidi	'get ready'	()	VB
656	sik'i	'stick sth into the ground'	()	VB
657	simwiyi	'drizzle'	()	VB
658	sina:la:	'cause s.o. to receive sth'	()	VB
659	siy'iy'wiyi	'lean over'	()	VB
660	so:nol	'pack on the back'	(Newman 1944: 135)	VB
661	so:xo	'make vanish?'	()	VB
662	so:xun	'vanish, --> die'	()	VB
663	sodox	'throw'	()	VB
664	su:tata:y'wiyi	'swing'	()	VB
665	suhwa:	'practice magic'	()	VB
666	suhwa:/	'perform a miracle'	()	VB
667	sut'u	'boil'	()	VB
668	t'abababwiyi	'to make fluttering sound as birds, or spun coins'	()	VB
669	t'apapwiyi	'flatten out'	(Newman 1944: 60)	VB
670	t'apt'apwiyi	'clap the hands'	()	VB
671	t'apwiyi	'slap'	()	VB
672	t'aw'a	'strike an animate object to the ground'	()	VB
673	t'aw'wis	'throw oneself to the ground'	()	VB
674	t'e:ni	'block'	()	VB
675	t'e:pna:	'make acorn mush (N-->V)'	()	VB
676	t'e:shri	'drown'	()	VB
677	t'inik'	'hide, screen from sight'	()	VB
678	t'oy'ox	'get rusty'	()	VB
679	t'oyox	'doctor, give medicine'	()	VB
680	t'uguy	'spear fish'	()	VB
681	t'ulu	'burn tr'	()	VB
682	t'uyu	'shoot at, shoot'	()	VB
683	ta:na	'go'	()	VB
684	ta:watr	'die'	()	VB
685	ta:witr	'die'	()	VB
686	tail	'recover, be well'	()	VB
687	tana:	'take along'	()	VB
688	tawa:nwiyi	'be near morning'	()	VB
689	tawan	'be dawn'	()	VB
690	tawanwiyi	'stay until daylight'	()	VB
691	tawin	'to become morning'	()	VB
692	tawtra:	'kill tr'	()	VB
693	taxa:	'bring'	()	VB
694	text-in/	'become ill, sore'	()	VB
695	textin	'get sick (mpass)'	()	VB
696	ti:pwiyi	'stretch'	()	VB
697	tisi	'come out'	()	VB
698	tiw'e:sa:	'become strong (A-->V)'	()	VB
699	tiw'se:xo:	'become strong'	()	VB
700	tiwwiyi	'bounce up itr'	()	VB
701	to'o	'place, put, leave behind'	()	VB
702	toy'o:n	'come late'	()	VB
703	toyon	'be night'	()	VB
704	tr'ababwiyi	'lie down on ones belly'	()	VB
705	tr'adad	'lie on ones back'	()	VB
706	tr'ala	'shatter'	()	VB
707	tr'at'at'wiyi	'lie on ones back'	()	VB
708	tr'atatwiyi	'flutter'	()	VB
709	tr'ata:twiyi	'flutter slowly'	(Newman 1944: 59)	VB
710	tr'aw'a	'win from'	()	VB
711	tr'ay'ak'	'be dirty'	()	VB
712	tr'e'et'in	'conjure, perform miracles'	()	VB
713	tr'e:'a:	'seek a husband'	()	VB
714	tr'e:xi	'blacken s.o. with firesmoke'	()	VB
715	tr'e:xi	'become sunburned, blacken sth with firesmoke'	()	VB
716	tr'iag	'lie on the top of sth'	()	VB
717	tr'idik	'split, crack'	()	VB
718	tr'idiw	'shell (nuts)'	()	VB
719	tr'ihe:	'become lean'	()	VB
720	tr'ik'i	'tie, imprison'	()	VB
721	tr'it'iw	'pinch'	()	VB
722	tr'iw'e:x	'break'	()	VB
723	tr'iwi	'wet (sic)'	()	VB
724	tr'iwil	'sicken a child by committing adultery with one of its parents'	()	VB
725	tr'o:lo	'peel'	()	VB
726	tr'o:lwiyi	'get peeled off slowly'	()	VB
727	tr'o:t'wiyi	'fart'	()	VB
728	tr'o:yo:	'become pregnant'	()	VB
729	tr'ok'wiyi	'pop (like a cork)'	()	VB
730	tr'olow	'dig'	()	VB
731	tr'olwiyi	'be peeled off easily'	()	VB
732	tr'ubu	'get a handful (of pulverized material)'	()	VB
733	tr'uktr'ukwiyi	'bang, pop'	()	VB
734	tr'ulo:k'	'point at'	()	VB
735	tr'uno:y	'scorch'	()	VB
736	tr'upu'	'get a handful'	()	VB
737	tr'uy'wiyi	'drip'	()	VB
738	trana:yitr	'fear'	()	VB
739	tratray	'break'	()	VB
740	tray'a	'place eagles down (for worship)'	()	VB
741	tre:'a:	'be accepted in marriage'	()	VB
742	tre:kin	'fear, become exited [sic] with'	()	VB
743	tre:xal	'speak'	()	VB
744	trekni:sa:	'became excited'	()	VB
745	tril'il'wiyi	'open the eyes'	()	VB
746	triniy	'spread sth out'	()	VB
747	tripe:n	'move sth away from'	()	VB
748	trit'i	'have sexual intercourse with'	()	VB
749	trixe:tr	'clean (off)'	()	VB
750	triyi	'?'	()	VB
751	tro:k'o	'strike, hit'	()	VB
752	trokotr	'commit sodomy with'	()	VB
753	tromo	'cover up (entirely)'	()	VB
754	tropol	'freeze'	()	VB
755	trumo:k'	'get warm'	()	VB
756	trunu	'enclose'	()	VB
757	truy'u	'weave'	()	VB
758	truyu	'weave'	()	VB
759	tsisi'	'cut out'	()	VB
760	tso:p'	'break in the middle?'	()	VB
761	tuhwiyi	'spit'	()	VB
762	tuku'	'crackle'	()	VB
763	tupu	'splice'	()	VB
764	wa'ashrta:/	'be more, be very much'	()	VB
765	wa:'al	'breakfast'	()	VB
766	wa:na	'give'	()	VB
767	wa:swiyi	'make honking sounds (as a duck)'	()	VB
768	wa:wiyi	'cry once'	()	VB
769	wa:xal	'weep'	()	VB
770	wabwis	'stretch the arms (when yawning)'	()	VB
771	wac'a	'bind a child in a cradle'	()	VB
772	wagtril/	'be an orphan'	()	VB
773	wak'ak'wiyi	'open the mouth'	()	VB
774	wak'akwiyi	'have the mouth open'	()	VB
775	wak'ay	'donate, give in the sense of help or charity'	()	VB
776	wakachr	'get ones portion'	()	VB
777	wal'al'wiyi	'become open, open out'	()	VB
778	wala:'	'?'	()	VB
779	wala:tr	'have around ones neck'	()	VB
780	walam'wiyi	'glare'	()	VB
781	walaxwiyi	'pass s.o.'	()	VB
782	walli:sa:/	'perform a miracle on'	()	VB
783	walxo:	'pass'	()	VB
784	walxo:/	'pass s.o.'	()	VB
785	wasto	'be possible'	()	VB
786	wasto:	'hurt, injure'	()	VB
787	wasto:/	'injure'	()	VB
788	wasto:/	'be able'	()	VB
789	watr'a:l	'rip (open)'	()	VB
790	watr'al	'rip open'	()	VB
791	waxa:tr	'depart from'	()	VB
792	wayac'	'get revenge'	()	VB
793	we:shri	'straighten'	()	VB
794	we:t'i	'spread sth out'	()	VB
795	we:tr'i	'fornicate with a virgin'	()	VB
796	we:tri	'stretch out ones leg'	()	VB
797	wella:/	'prepare to depart'	()	VB
798	wic'e:ta	'turn into a log'	()	VB
799	wichribna:	'give birth to a child'	()	VB
800	widin	'roll sth'	()	VB
801	wik'uy	'move, quake'	()	VB
802	wip'i	'jerk up quickly'	(Newman 1944: 61)	VB
803	wip'wiyi	'shake upwards (as tree branches)'	()	VB
804	wisi'	'wait awhile'	()	VB
805	witrwiyi	'kick, stretch out the leg'	()	VB
806	wiyi	'say, do'	()	VB
807	wo:'uy	'fall asleep, sleep'	()	VB
808	wo:k'o:/	'hunt deer by using decoys'	()	VB
809	wo:no	'hide (tr)'	()	VB
810	wo:sayna:	'whistle'	()	VB
811	wo:wul	'stand'	()	VB
812	wo:xo	'fell a tree'	()	VB
813	wo:yo	'be born'	()	VB
814	wolo:ye:/	'dodge'	()	VB
815	woloy	'overtake'	()	VB
816	wot'ot'wiyi	'project, stick out'	()	VB
817	wotr'od	'increase sth, draw interest'	()	VB
818	wotr'odwiyi	'somersault, turn over'	()	VB
819	wotro	'hit with a club'	()	VB
820	woyha:/	'miss s.o.'	()	VB
821	woyo:	'give birth (caus; woy- is root)'	()	VB
822	wuk'uy	'quake, move'	()	VB
823	wuko:y	'quake'	()	VB
824	wuku	'cover s.o., place s.o. as a cover'	()	VB
825	wulwiyi	'twist about once (in a spiral)'	()	VB
826	wut'wiyi	'wag the tail once'	()	VB
827	wutru:kwiyi	'be smoky, get smoky'	(Newman 1944: 59)	VB
828	xal'a	'put a stick in a crack'	()	VB
829	xapa'	'fly'	()	VB
830	xapapwiyi	'get spread out in a radiating formation, as fingers or trees on a hill'	()	VB
831	xapwiyi	'be severed'	()	VB
832	xata	'eat'	()	VB
833	xaya:	'place, put'	(Newman book 1 story 3)	VB
834	xet't'eyna:/	'drag a cradle'	()	VB
835	xi:swiyi	'descend through the air (natural thing)'	()	VB
836	xibil	'take away'	()	VB
837	xili	'tangle, place under'	()	VB
838	xip'il	'take from s.o. by force, deprive'	()	VB
839	xip'wiyi	'make a rubbing motion'	()	VB
840	xip'xip'wiyi	'rub several times'	()	VB
841	xishrishrwiyi	'bare the teeth'	(Newman 1944: 59)	VB
842	xitriw	'become angry'	()	VB
843	xo'lo:	'take off (only clothes)'	()	VB
844	xo'oc	'stay behind'	()	VB
845	xo:	'live, exist, be'	()	VB
846	xo:/	'live'	()	VB
847	xobo:twiyi	'come out (hair, feathers)'	()	VB
848	xoshro	'rub'	()	VB
849	xosop	'scratch'	()	VB
850	xul'u	'go ahead'	()	VB
851	xumun	'crumble'	()	VB
852	xupuy	'gather seeds, one at a time'	()	VB
853	xutrun	'wrap sth'	()	VB
854	ya'	'go'	()	VB
855	yawa:l	'follow, pursue'	()	VB
856	yaxwis/	'fight with ones spouse'	()	VB
857	yehe:sin	'rest'	(Newman book 1 story 3)	VB
858	yiki	'fart'	()	VB
859	yimil	'catch fish with the hand'	()	VB
860	yit'e:sa:	'become five, become Friday (A-->V)'	()	VB
861	yit'is	'make five'	()	VB
862	yit-'	'be one?'	()	VB
863	yiy'ca:/	'do sth alone'	()	VB
864	yo'ke:	'return'	()	VB
865	yo:mu	'dispossess; cuckold s.o.'	()	VB
866	yo:w	'go home'	()	VB
867	yo:wo	'go home'	()	VB
868	yolo:w	'assemble tr'	()	VB
869	yonk'e:/	'have convulsions'	()	VB
870	yowke:c'a:	'become human'	()	VB
871	yozho	'go back and forth'	()	VB
872	yu:xwiyi	'melt away'	()	VB
873	yunumwiyi	'get back in the hole quickly (after having gotten only partially out)'	()	VB
874	yuxulwiyi	'flatten out itr (of objects flattened by a hard blow)'	()	VB
875	zhilb'in	'consider to be swift'	()	VB
876	zhu'ub	'divide, break sth in the middle'	()	VB
877	zhu'upo:	'cause to divide'	()	VB
878	wotrotrwiyi	'project, stick out'	(Newman 1944: 159)	VB
879	kan'a	'touch the goal in the lance game'	(Newman 1944: 159)	VB
880	t'ala	'shatter'	(Newman 1944: 15)	VB
881	non'e:'a:/	'become a man'	(Newman 1944: 65)	VB
882	k'a'a	'stick, adhere itr'	(Vera & Clark 2002: 372; form uncertain)	VB
883	c'amis	'chew'	(Vera & Clark 2002: 65; form uncertain)	VB
884	'ac'a:wis	'in a short while'	(Newman 1944: 236)	RB
885	'alid	'some time ago'	(Newman 1944: 236)	RB
886	'anaxdi'	'it is doubtful that'	(Newman 1944: 236)	RB
887	'an'um'	'at any rate, at least'	(Newman 1944: 238)	RB
888	'ax	'unintentionally, unwittingly'	(Newman 1944: 236; Shipley based on Newman)	RB
889	batr	'as usual'	(Newman 1944: 237)	RB
890	da:ba'	'then, next'	(Newman 1944)	RB
891	he:zhi'	'today'	(Newman 1944: 236)	RB
892	hi'zhri'	'tomorrow'	(Shipley; based on Newman)	RB
893	mizhna'	'indeed, surely'	(Newman 1944: 236)	RB
894	ta'an'	'too'	(Newman 1944)	RB
895	triymi	'right now'	(Newman 1944: 236)	RB
896	wa'ashrgi	'therefore'	(Newman 1944: 238)	RB
897	walan	'yesterday'	(Newman 1944: 236)	RB
898	wisa	'not yet, after a while'	(Newman 1944: 236)	RB
899	hina'	'perhaps, maybe'	(Newman 1944: 236)	RB
900	na'ashr	'dubitative'	(Newman 1944: 236)	RB
901	wil'	'of course'	(Newman 1944: 236)	RB
902	'ahmun	'it is to be expected that'	(Newman 1944: 236)	RB
903	'ashr	'actually, really'	(Newman 1944: 236)	RB
904	'axam'	'probably'	(Newman 1944: 236)	RB
905	'e:man	'to no avail'	(Newman 1944: 236)	RB
906	hiyam	'already, now'	(Newman 1944: 236)	RB
907	hiyam'	'next morning'	(Newman 1944: 236)	RB
908	hiya:m'i'	'a long time ago'	(Newman 1944: 236)	RB
909	hi'	'FUT'	(Newman 1944: 236)	RB
910	nihi'	'1SG.NOM FUT'	(Newman 1944: 237)	RB
911	mihi'	'2SG.NOM FUT'	(Newman 1944: 237)	RB
912	maywihi'	'1PL.PRIM FUT'	(Newman 1944: 237)	RB
913	hawa'zhay	'with difficulty'	(Newman 1944: 237)	RB
914	ho:gaw	'directly'	(Newman 1944: 237)	RB
915	mit'achr	'slightly, not much'	(Newman 1944: 237)	RB
916	nay	'nearly, more than'	(Newman 1944: 237)	RB
917	wakkiy	'very, very much'	(Newman 1944: 237)	RB
918	'ut't'al	'solely, nothing but'	(Newman 1944: 237)	RB
919	mi'in	'soon'	(Newman 1944: 236)	RB
920	canum	'immediately'	(Newman 1944: 236)	RB
921	mihnichr	'still, yet'	(Newman 1944: 237)	RB
922	tra'ashr	'continuously'	(Newman 1944: 237)	RB
923	xo:now	'always'	(Newman 1944: 237)	RB
924	'angi'	'Q'	(Newman 1944: 237)	RB
925	gi'	'Q.FOCUS'	(Newman 1944: 237)	RB
926	'a:n'i	'NEG.IMPER'	(Newman 1944: 237)	RB
927	'ohom	'NEG'	(Newman 1944: 237)	RB
928	dab	'next, on the other hand, then'	(Newman 1944: 29, 237)	RB
929	wa'ashrta'	'very'	(Newman 1944: 238)	RB
930	ye:tr'aw	'all'	(Newman 1944: 238)	RB
931	xa:mi	'hither, this place'	(Newman 1944: 238)	RB
932	xuno:chru	'thither, yonder'	(Newman 1944: 238)	RB
933	'agiy	'toward the hills'	(Newman 1944: 238)	RB
934	mayni	'AR.EMPH'	(Newman 1944: 238-239)	RB
935	di'	'with a little doubt'	(Gamble 1994: 79)	RB
936	he:dam	'nearby'	(Gamble 1994: 77)	RB
937	'isel	'outside'	(Gamble 1944: 77)	RB
938	mec'	'surely'	(Gamble 1944: 77)	RB
939	ha'zhaxom	'finally, at last'	(Newman 1944: 235)	RB
940	hiydege	'exclamation of doubt'	(Newman notebook 3)	RB
941	bis	'indirect question'	(Newman notebook 2: 60)	RB
942	gidax	'unexpectedly'	(Newman notebook 2)	RB
943	yiy'ca	'alone'	(Newman notebook 3)	RB
944	na'ni	'sometimes'	(Vera & Clark 2002: 358)	RB
945	'a:wuw	'across, on the other side of, to the shore'	(Newman 1944: 238 and elsewhere)	PP
946	'abiy	'with.ACCOMP'	(Newman 1944: 238)	PP
947	yidwas	'with.ACCOMP'	(Newman 1944: 238)	PP
948	'amcaw	'close to'	(Gamble 1994: 99)	PP
949	p'e:p'at'iw	'on top of'	(Gamble 1994: 62)	PP
950	dil'naw	'on the other side of'	(Newman 1944: 239)	PP
951	tripin	'on top of'	(Kroeber 1906: 301)	PP
952	'adil	'under'	(Kroeber 1906: 301)	PP
953	go:bin	'inside'	(Kroeber 1906: 306)	PP
954	'a:cay	'mahogany'	(Shipley; based on Newman)	NN
955	'a:c'ec'	'large wild artichoke'	(Shipley; based on Newman)	NN
956	'a:dra'	'ax'	(Shipley; based on Newman)	NN
957	'a:gashr	'mother's brother'	(Shipley; based on Newman)	NN
958	'ac'	'container'	(Shipley; based on Newman)	NN
959	'adre:yas	'twin'	(Newman 1944)	NN
960	'allewas	'handgame, guessing game'	(Shipley; based on Newman)	NN
961	'alwutr'	'crow'	(Shipley; based on Newman)	NN
962	'anas	'large pack-basket'	(Newman 1944)	NN
963	'antruw	'shaman'	(Newman 1944)	NN
964	'aptruw	'manzanita'	(Shipley; based on Newman)	NN
965	'aw'ashr	'chin'	(Shipley; based on Newman)	NN
966	'axic'	'bed'	(Shipley; based on Newman)	NN
967	'ayab	'magnesium-like mineral'	(Shipley; based on Newman)	NN
968	'azhr'a:zhruk'	'mole (animal)'	(Shipley; based on Newman)	NN
969	baba'	'paternal aunt'	(Newman 1944)	NN
970	bal'aw	'hole, cave under a rock'	(Shipley; based on Newman)	NN
971	balik'	'belly'	(Shipley; based on Newman)	NN
972	baluw	'downhill, west'	(Shipley; Newman 1944: 220)	NN
973	ban'itr'	'intestines'	(Shipley; based on Newman)	NN
974	ba'o:nay	'wasp'	(Newman 1944)	NN
975	bashr	'marrow'	(Shipley; based on Newman)	NN
976	bay'a'	'right side, right hand'	(Shipley; based on Newman)	NN
977	be:mamguc'	'hummingbird'	(Newman 1944)	NN
978	ben	'food buried under ashes'	(Newman notebook 3)	NN
979	be:na'	'comb'	(Newman 1944)	NN
980	bidik'	'excrement'	(Shipley; based on Newman)	NN
981	bim'tran'a'	'stump (of tree)'	(Shipley; based on Newman)	NN
982	bo:do'	'penis'	(Shipley; based on Newman)	NN
983	bo:ga'	'poker'	(Newman 1944)	NN
984	bodo:diywe:'ichr'	'stinkbug'	(Shipley; based on Newman)	NN
985	bogogbil	'weed species with cactus-like stickers'	(Shipley; based on Newman)	NN
986	bok	'muscle, calf of leg'	(Shipley; based on Newman)	NN
987	bowon'ey	'trap'	(Newman 1944)	NN
988	buhuk'	'juniper tree'	(Shipley; based on Newman)	NN
989	buk'k'al	'hill, knoll'	(Newman 1944)	NN
990	bumutr'	'beak'	(Shipley; based on Newman)	NN
991	bu'us	'dog'	(Newman 1944)	NN
992	c'abix	'nest'	(Newman 1944)	NN
993	c'abix	'nest'	(Shipley; based on Newman)	NN
994	c'agas	'wiregrass'	(Newman 1944)	NN
995	c'agas	'wire-grass, used in making baskets'	(Shipley; based on Newman)	NN
996	c'ak'	'blackbird'	(Newman 1944)	NN
997	c'ak'	'blackbird'	(Shipley; based on Newman)	NN
998	c'ak'o:man	'small lake trout'	(Shipley; based on Newman)	NN
999	c'alis	'sweet smell'	(Shipley; based on Newman)	NN
1000	capit'	'gambling tray'	(Newman 1944)	NN
1001	c'ayax	'man's sister's child'	(Newman 1944)	NN
1002	c'ayax	'man's sister's child'	(Shipley; based on Newman)	NN
1003	c'aydas	'star'	(Shipley; based on Newman)	NN
1004	c'e:da'	'greens'	(Newman 1944)	NN
1005	c'e:la:lun	'bridge'	(Newman 1944)	NN
1006	chri'in	'waylaying place'	(Shipley; based on Newman)	NN
1007	chri'iw	'cottontail rabbit'	(Shipley; based on Newman)	NN
1008	chrimex	'twilight'	(Shipley; based on Newman)	NN
1009	c'ic'ew	'weasel (?)'	(Shipley; based on Newman)	NN
1010	c'idiy	'live oak'	(Shipley; based on Newman)	NN
1011	c'igey	'string'	(Shipley; based on Newman)	NN
1012	c'igey'iy	'bush with bark used to make twine'	(Shipley; based on Newman)	NN
1013	c'iliwxay	'kidneys'	(Shipley; based on Newman)	NN
1014	c'im'c'im'	'bat (animal)'	(Shipley; based on Newman)	NN
1015	c'iwik'	'poison oak'	(Shipley; based on Newman)	NN
1016	c'iwil'i'	'chipmunk'	(Shipley; based on Newman)	NN
1017	c'ixil	'meat'	(Shipley; based on Newman)	NN
1018	c'iy'	'bone'	(Newman 1944)	NN
1019	c'o:kay	'offspring, new generation, green shoots of tree'	(Shipley; based on Newman)	NN
1020	c'o:mis	'cage for wild pigeons'	(Shipley; based on Newman)	NN
1021	c'olo:win	'plains, flat open place'	(Shipley; based on Newman)	NN
1022	c'onis	'apron'	(Shipley; based on Newman)	NN
1023	'cono:xis	'sugar pine'	(Shipley; based on Newman)	NN
1024	cox	'skunk'	(Shipley; based on Newman)	NN
1025	c'uluy	'hide, skin'	(Shipley; based on Newman)	NN
1026	c'umun	'end'	(Shipley; based on Newman)	NN
1027	c'utus	'navel'	(Shipley; based on Newman)	NN
1028	da:'ak'	'sun'	(Shipley; based on Newman)	NN
1029	da:m'otr	'beard'	(Newman 1944)	NN
1030	da:nay	'jimson weed'	(Shipley; based on Newman)	NN
1031	dal'im	'trout'	(Shipley; based on Newman)	NN
1032	datr'atr'	'foot'	(Shipley; based on Newman)	NN
1033	dey'asi	'leader, chief'	(Newman 1944)	NN
1034	dibin	'well'	(Shipley; based on Newman)	NN
1035	dik'e:ni'	'one who is behind'	(Shipley; based on Newman)	NN
1036	dil'la:l	'slope'	(Newman 1944)	NN
1037	dillal	'slope'	(Shipley; based on Newman)	NN
1038	dimaha'	'quiver'	(Shipley; based on Newman)	NN
1039	dina:ga'	'oak mountain'	(Newman 1944)	NN
1040	dip	'liver'	(Newman 1944)	NN
1041	dip	'liver'	(Shipley; based on Newman)	NN
1042	diy'a'	'leader, captain'	(Shipley; based on Newman)	NN
1043	diyac'	'goal'	(Newman 1944)	NN
1044	diy'ac'	'goal'	(Shipley; based on Newman)	NN
1045	dobol	'large rabbit'	(Shipley; based on Newman)	NN
1046	dopin	'buckeye'	(Shipley; based on Newman)	NN
1047	driba:gu'	'cane arrow'	(Shipley; based on Newman)	NN
1048	drim	'condor'	(Shipley; based on Newman)	NN
1049	driwigisna'	'elbow'	(Newman 1944)	NN
1050	duda'	'maternal grandmother, woman's daughter's child'	(Newman 1944)	NN
1051	duda'	'woman's grandchild'	(Shipley; based on Newman)	NN
1052	dutr'utr'	'hoof'	(Shipley; based on Newman)	NN
1053	duwwe:'itr'	'butcher-bird'	(Newman 1944)	NN
1054	'e:law	'flower'	(Shipley; based on Newman)	NN
1055	'e:nas	'grandfather, man's grandchild'	(Newman 1944)	NN
1056	'e:nitr	'jimsonweed power'	(Shipley; based on Newman)	NN
1057	'e:nitr	'magic power'	(Shipley; based on Newman)	NN
1058	'entram	'sleeping potion'	(Newman 1944: 91)	NN
1059	'e:p'ishr	'lake-trout'	(Newman 1944)	NN
1060	'e:shrin'	'black oak'	(Newman 1944)	NN
1061	'e:shrin'	'black oak'	(Shipley; based on Newman)	NN
1062	'e'chri'	'large type of basket'	(Shipley; based on Newman)	NN
1063	'entram	'gummy, sandy substance in rocks used to induce sleep'	(Shipley; based on Newman)	NN
1064	ga:du'	'cat'	(Newman 1944)	NN
1065	ga:'ina	'woman'	(Newman 1944)	NN
1066	ga:'it	'young woman'	(Newman 1944)	NN
1067	ga:'ita	'girl'	(Shipley; based on Newman)	NN
1068	gac'ap	'niece'	(Shipley; based on Newman)	NN
1069	gac'ap	'sibling's daughter'	(Newman 1944)	NN
1070	galni'	'meat'	(Newman 1944)	NN
1071	gawa:yu'	'horse'	(Newman 1944)	NN
1072	gaxo:n/	'box'	(Newman 1944)	NN
1073	gaxon	'box'	(Shipley; based on Newman)	NN
1074	gi'iy	'enemy'	(Shipley; based on Newman)	NN
1075	gitr'ennel	'armpit'	(Newman 1944)	NN
1076	gi'ya:'in	'lance'	(Newman 1944)	NN
1077	go:dri'	'pig'	(Shipley; based on Newman)	NN
1078	go:lankil	'kingsnake'	(Shipley; based on Newman)	NN
1079	go:tro:nitr	'gopher snake'	(Shipley; based on Newman)	NN
1080	guchrchrun	'name'	(Shipley; based on Newman)	NN
1081	gumun	'fog, mist'	(Shipley; based on Newman)	NN
1082	ha'he:c'aw	'great grandchild, invisible thing'	(Shipley; based on Newman)	NN
1083	ha'he:tr'aw	'animal'	(Shipley; based on Newman)	NN
1084	hamna'	'greedy person'	(Shipley; based on Newman)	NN
1085	hanhas	'hunter, beast of prey (mountain lion)'	(Shipley; based on Newman)	NN
1086	hapa:lis	'chimney, heater'	(Shipley; based on Newman)	NN
1087	hapoy	'sugar'	(Shipley; based on Newman)	NN
1088	hapoy	'sweet'	(Shipley; based on Newman)	NN
1089	hasbay'al	'lungs'	(Shipley; based on Newman)	NN
1090	hashra:k'an	'thirst'	(Shipley; based on Newman)	NN
1091	hashrak'	'thirst'	(Shipley; based on Newman)	NN
1092	hashrkiywe:'ic'	'gopher'	(Newman 1944)	NN
1093	hay'al	'day'	(Newman 1944)	NN
1094	hay'na'	'duck'	(Newman 1944)	NN
1095	hay'na'	'duck'	(Shipley; based on Newman)	NN
1096	he:tr'ik'	'lie'	(Shipley; based on Newman)	NN
1097	he:xa'	'fat, grease'	(Newman 1944)	NN
1098	hides	'wood'	(Newman 1944)	NN
1099	hidsic'	'woodrat'	(Newman 1944)	NN
1100	hidsic'	'woodrat'	(Shipley; based on Newman)	NN
1101	hik'e:yic'	'player'	(Newman 1944)	NN
1102	hik'ey'iy	'playground'	(Shipley; based on Newman)	NN
1103	histaha'	'ten cents (formerly a measure of shell beads)'	(Shipley; based on Newman)	NN
1104	hit'el	'ashes'	(Shipley; based on Newman)	NN
1105	hitr'kiy	'liar'	(Shipley; based on Newman)	NN
1106	hitr'wa:yu'	'devil'	(Shipley; based on Newman)	NN
1107	hixna'	'fat one'	(Shipley; based on Newman)	NN
1108	hiy'aw'tra'	'warrior, fighter'	(Newman 1944)	NN
1109	ho:nak'honak'	'inchworm'	(Shipley; based on Newman)	NN
1110	ho:pul	'root'	(Shipley; based on Newman)	NN
1111	holic'	'term for characters in myths'	(Shipley; based on Newman)	NN
1112	hon	'egg'	(Shipley; based on Newman)	NN
1113	honac'honac'	'milkweed'	(Shipley; based on Newman)	NN
1114	honotr'	'testicles'	(Shipley; based on Newman)	NN
1115	hoshril	'windpipe'	(Shipley; based on Newman)	NN
1116	hot'o:ne:lis	'fireplace'	(Newman 1944)	NN
1117	hot'o:ne:lis	'fireplace'	(Shipley; based on Newman)	NN
1118	hoy'iw	'tree whose bark is used for making twine'	(Shipley; based on Newman)	NN
1119	hoyo:wos	'name'	(Newman 1944)	NN
1120	huddulu'	'owl'	(Newman 1944)	NN
1121	hugo:yus	'sibling of opposite sex'	(Shipley; based on Newman)	NN
1122	huguy	'mixture'	(Shipley; based on Newman)	NN
1123	humnul	'quail'	(Shipley; based on Newman)	NN
1124	hup'	'brain'	(Shipley; based on Newman)	NN
1125	huwtruwus	'game name'	(Shipley; based on Newman)	NN
1126	'ikit	'glans penis'	(Shipley; based on Newman)	NN
1127	'ilik'	'water'	(Newman 1944)	NN
1128	'ip'in	'acorn flour'	(Shipley; based on Newman)	NN
1129	'isel	'outdoors'	(Shipley; based on Newman)	NN
1130	'ishrel	'horn'	(Newman 1944)	NN
1131	'ishril'	'animal horn'	(Shipley; based on Newman)	NN
1132	'isla:lu'	'dragonfly'	(Shipley; based on Newman)	NN
1133	'it'ichr	'sparrow hawk'	(Shipley; based on Newman)	NN
1134	'it'wop'	'husband's sister, woman's brother's wife'	(Newman 1944)	NN
1135	k'a:hutrway	'red lizard'	(Shipley; based on Newman)	NN
1136	k'a:ma:shra'	'bottle fly'	(Shipley; based on Newman)	NN
1137	ka:tr'na'	'fish inhabiting Yowlumne Styx'	(Shipley; based on Newman)	NN
1138	ka:wiy	'wigwam, tent'	(Shipley; based on Newman)	NN
1139	k'absay	'shoulder'	(Shipley; based on Newman)	NN
1140	k'ac'	'obsidian'	(Shipley; based on Newman)	NN
1141	k'ak'aw	'large red ant'	(Shipley; based on Newman)	NN
1142	k'alassa'	'leg'	(Shipley; based on Newman)	NN
1143	k'anal	'fir tree'	(Newman 1944)	NN
1144	k'ashrup'	'mosquito'	(Shipley; based on Newman)	NN
1145	k'ashryin	'black seed'	(Shipley; based on Newman)	NN
1146	k'atr'a:nat'	'salamander'	(Shipley; based on Newman)	NN
1147	k'awo:dashr	'ladybug'	(Shipley; based on Newman)	NN
1148	k'awo:dashr	'large yellow bottle gourd'	(Shipley; based on Newman)	NN
1149	kay'iw	'coyote'	(Newman 1944)	NN
1150	ke:mitr'	'meanness'	(Shipley; based on Newman)	NN
1151	k'e:nic'	'red ant'	(Newman 1944)	NN
1152	k'e:tra'	'smegma'	(Shipley; based on Newman)	NN
1153	k'e:xa'	'money'	(Newman 1944)	NN
1154	kelkil	'icicle'	(Shipley; based on Newman)	NN
1155	k'elshri'	'Mikitti's birthplace'	(Shipley; based on Newman)	NN
1156	kenkin	'porcupine'	(Shipley; based on Newman)	NN
1157	k'iley	'cloud'	(Shipley; based on Newman)	NN
1158	kim'triy	'mean person, scold'	(Shipley; based on Newman)	NN
1159	k'inim	'acorn'	(Shipley; based on Newman)	NN
1160	k'inim	'valley oak'	(Shipley; based on Newman)	NN
1161	kinip	'dress'	(Newman 1944)	NN
1162	k'ishrdana'	'circumcised man'	(Shipley; based on Newman)	NN
1163	kitwinic'	'husband's sister'	(Shipley; based on Newman)	NN
1164	k'o:p'a'	'perch, sunfish'	(Shipley; based on Newman)	NN
1165	k'o:yotr'	'water duck'	(Shipley; based on Newman)	NN
1166	k'olpo:po'	'wild gourd'	(Shipley; based on Newman)	NN
1167	kom'o:yis	'paternal uncle, stepfather'	(Shipley; based on Newman)	NN
1168	kom'o:yis	'stepfather, father's brother'	(Shipley; based on Newman)	NN
1169	k'onc'o:c'i'	'small lizard'	(Shipley; based on Newman)	NN
1170	k'otr'	'tule'	(Newman 1944)	NN
1171	k'o'tre:ya'	'buzzard'	(Shipley; based on Newman)	NN
1172	k'o'tre:ya:/	'buzzard'	(Newman 1944)	NN
1173	k'owiy	'thigh'	(Shipley; based on Newman)	NN
1174	k'oyotr'	'venereal disease'	(Shipley; based on Newman)	NN
1175	k'oyotwotr'	'frog'	(Shipley; based on Newman)	NN
1176	k'oywos	'corn mortar'	(Shipley; based on Newman)	NN
1177	k'umayha'	'clothes'	(Shipley; based on Newman)	NN
1178	k'umunyutr	'hornets'	(Shipley; based on Newman)	NN
1179	k'ut'oshr	'tail'	(Newman 1944)	NN
1180	k'ut'ushr	'tail'	(Shipley; based on Newman)	NN
1181	kuyu'	'ankle'	(Shipley; based on Newman)	NN
1182	kuyu'	'salt'	(Shipley; based on Newman)	NN
1183	k'uyutr'	'knee'	(Shipley; based on Newman)	NN
1184	la:na:/	'wool'	(Newman 1944)	NN
1185	lagelwas	'different kinds of things'	(Newman 1944)	NN
1186	la'la'	'wild goose'	(Shipley; based on Newman)	NN
1187	lame:sa'	'table'	(Shipley; based on Newman)	NN
1188	lan't'i'	'a side'	(Shipley; based on Newman)	NN
1189	lap'a:lip'itr'	'whipper snake, razor snake'	(Shipley; based on Newman)	NN
1190	latraw'	'hillside'	(Shipley; based on Newman)	NN
1191	le:mondo'	'name of Tejon chief'	(Shipley; based on Newman)	NN
1192	lil'na'	'money, bead, general term'	(Shipley; based on Newman)	NN
1193	limik'	'prairie falcon'	()	NN
1194	liwe:shrip'	'mountain sheep'	(Shipley; based on Newman)	NN
1195	lo:go:/	'crazy'	(Newman 1944)	NN
1196	lomit	'mountain'	(Newman 1944)	NN
1197	lopitr	'fish'	(Newman 1944)	NN
1198	lopitr	'fish'	(Shipley; based on Newman)	NN
1199	lowo:yitr'	'pitiful one'	(Newman 1944)	NN
1200	lowo:yitr'	'pitiful one, poor'	(Shipley; based on Newman)	NN
1201	lowo:yitr'	'poor, pitiful one'	(Shipley; based on Newman)	NN
1202	lo'wos	'war'	(Shipley; based on Newman)	NN
1203	ma:n'a'	'gnat'	(Shipley; based on Newman)	NN
1204	ma:wo:lus	'musical bow'	(Newman 1944)	NN
1205	masse:/	'corn'	(Newman 1944)	NN
1206	massi'	'maize'	(Shipley; based on Newman)	NN
1207	mimyatr	'thunder'	(Shipley; based on Newman)	NN
1208	minc'ix	'milk'	(Shipley; based on Newman)	NN
1209	mitr'iw	'comb of feathers on quail'	(Shipley; based on Newman)	NN
1210	miye:l/	'bee, honey'	(Newman 1944)	NN
1211	mo:koy	'mother's sister, stepmother'	(Shipley; based on Newman)	NN
1212	mo:n'ay	'fly'	(Shipley; based on Newman)	NN
1213	mo:tr'ak'	'smoke'	(Shipley; based on Newman)	NN
1214	mo:'yak'	'whirlwind'	(Shipley; based on Newman)	NN
1215	mogo:wic'	'dodger'	(Shipley; based on Newman)	NN
1216	mogoyoc'	'great grandparents'	(Shipley; based on Newman)	NN
1217	mokiy'	'wife'	(Newman 1944)	NN
1218	mokoy	'stepmother, maternal aunt'	(Newman 1944)	NN
1219	mononhol	'things, property, all one's different possessions'	(Shipley; based on Newman)	NN
1220	moshr	'sweathouse'	(Newman 1944)	NN
1221	motrk'a'	'prairie falcon'	(Shipley; based on Newman)	NN
1222	moxe:max	'Pleiades'	(Shipley; based on Newman)	NN
1223	moyo'chri'	'great grandmother'	(Shipley; based on Newman)	NN
1224	mozhrok'o'	'larger dark beads'	(Shipley; based on Newman)	NN
1225	muhugyal	'female lake trout, large variety'	(Shipley; based on Newman)	NN
1226	na'ad	'elder sister'	(Shipley; based on Newman)	NN
1227	na'ad	'older sister'	(Newman 1944)	NN
1228	naddal	'very level place'	(Shipley; based on Newman)	NN
1229	naha:'itr'	'beaver'	(Shipley; based on Newman)	NN
1230	napa:tim	'sister's husband, husband's brother, son-in-law, son-in-law's brother'	(Newman 1944)	NN
1231	napas	'woman's brother's child'	(Shipley; based on Newman)	NN
1232	natritr	'rattlesnake'	(Newman 1944)	NN
1233	natritr	'rattlesnake'	(Shipley; based on Newman)	NN
1234	naxa:mis	'father-in-law'	(Newman 1944)	NN
1235	nay'watra'	'dog with one side red, other white'	(Shipley; based on Newman)	NN
1236	ne'eshr	'younger brother'	(Newman 1944)	NN
1237	nibec'	'older brother'	(Newman 1944)	NN
1238	niked	'maternal aunt'	(Newman 1944)	NN
1239	niked	'maternal aunt'	(Newman 1944)	NN
1240	no:chro'	'friend'	(Newman 1944)	NN
1241	no:c'o'	'clever fellow'	(Shipley; based on Newman)	NN
1242	no:mitr'	'big toe'	(Shipley; based on Newman)	NN
1243	no:n'o'	'man'	(Newman 1944)	NN
1244	no:to'	'east'	(Shipley; based on Newman)	NN
1245	no:tro'	'young man'	(Newman 1944)	NN
1246	no:tr'o'	'boy, young man'	(*Harrington, Reel 89, Slide 460; community dict; Newman 1944; cf. Chukchansi)	NN
1247	noh'o'	'bear'	(Newman 1944)	NN
1248	no'od	'younger sister'	(Newman 1944)	NN
1249	no'om	'mother'	(Newman 1944)	NN
1250	nopop	'father'	(Newman 1944)	NN
1251	now	'hook'	(Shipley; based on Newman)	NN
1252	nowo:'iy	'stick for gathering nuts'	(Shipley; based on Newman)	NN
1253	nowoc'	'stick for gathering nuts'	(Shipley; based on Newman)	NN
1254	nusos	'paternal aunt'	(Newman 1944)	NN
1255	'o:xiy	'tree whose bark is used for making twine'	(Shipley; based on Newman)	NN
1256	'obo'bishr	'oak balls'	(Shipley; based on Newman)	NN
1257	'oc'uc'	'magpie'	(Shipley; based on Newman)	NN
1258	'o:kun	'neck'	(Vera & Clark 2002: 246)	NN
1259	'olol	'ball'	(Shipley; based on Newman)	NN
1260	'onboy	'wife's sister, man's brother's wife'	(Shipley; based on Newman)	NN
1261	'onmil	'daughter-in-law'	(Newman 1944)	NN
1262	'onmil	'daughter-in-law'	(Shipley; based on Newman)	NN
1263	'ontip	'mother-in-law'	(Newman 1944)	NN
1264	'ontip	'mother-in-law'	(Shipley; based on Newman)	NN
1265	'op	'moon, a watch'	(Shipley; based on Newman)	NN
1266	'oshrit	'fire'	(Newman 1944)	NN
1267	'otix	'pillow'	(Shipley; based on Newman)	NN
1268	'otix?	'pillow'	(Newman 1944)	NN
1269	'otr'ow	'hair on head'	(Shipley; based on Newman)	NN
1270	'owon	'boat'	(Shipley; based on Newman)	NN
1271	'oy'uy	'roadrunner'	(Shipley; based on Newman)	NN
1272	'ozhoy	'sign, color'	(Shipley; based on Newman)	NN
1273	'ozhri'yewas	'picture'	(Shipley; based on Newman)	NN
1274	p'a:k'il	'???'	(Shipley; based on Newman)	NN
1275	p'a:w'uk	'awl'	(Shipley; based on Newman)	NN
1276	p'aw'ko...	'awl'	(Newman 1944)	NN
1277	pa:yax	'blood'	(Newman 1944)	NN
1278	p'a'a:shri'	'lake'	(Shipley; based on Newman)	NN
1279	p'a'an	'world'	(Newman 1944)	NN
1280	pala:k'ak'	'woodpecker'	(Shipley; based on Newman)	NN
1281	palin	'slate rock'	(Shipley; based on Newman)	NN
1282	pe:na'	'edge, border'	(Shipley; based on Newman)	NN
1283	p'e:p'et'	'summit'	(Shipley; based on Newman)	NN
1284	pespis	'chicks'	(Shipley; based on Newman)	NN
1285	pi'is	'chest'	(Shipley; based on Newman)	NN
1286	pikel	'sinew'	(Newman 1944)	NN
1287	pikil	'sinew'	(Shipley; based on Newman)	NN
1288	pil	'road'	(Newman 1944)	NN
1289	p'islu'	'mouse'	(Newman 1944)	NN
1290	pispasa'	'hen with chicks'	(Shipley; based on Newman)	NN
1291	pit'iw	'forehead'	(Shipley; based on Newman)	NN
1292	po:hal	'squirrel'	(Shipley; based on Newman)	NN
1293	po:lay	'small beads'	(Shipley; based on Newman)	NN
1294	po:lut	'body'	(Newman 1944)	NN
1295	p'oho:'itr'	'weasel'	(Shipley; based on Newman)	NN
1296	pohulhay	'parent'	(Shipley; based on Newman)	NN
1297	pohyon	'sparrow hawk'	(Shipley; based on Newman)	NN
1298	po:lum	'husband'	(Newman 1944: 198)	NN
1299	polwoy	'corn pestle'	(Shipley; based on Newman)	NN
1300	polxoy	'sucker fish'	(Shipley; based on Newman)	NN
1301	ponpon	'snow'	(Shipley; based on Newman)	NN
1302	pospolo'	'match'	(Shipley; based on Newman)	NN
1303	p'ot'o:lo'	'piles'	(Shipley; based on Newman)	NN
1304	p'ow	'gall bladder'	(Shipley; based on Newman)	NN
1305	puhk'a'	'remainder'	(Newman 1944: 196)	NN
1306	puk'aha'	'hat'	(Shipley; based on Newman)	NN
1307	puk'k'al	'hill'	(Shipley; based on Newman)	NN
1308	p'utr'wiy	'semen'	(Shipley; based on Newman)	NN
1309	sa:luw	'charcoal'	(Shipley; based on Newman)	NN
1310	sa:xal	'pitch, wax'	(Shipley; based on Newman)	NN
1311	salam	'willow tree'	(Shipley; based on Newman)	NN
1312	sam'a'	'door, gate'	(Shipley; based on Newman)	NN
1313	sama'	'mouth'	(Newman 1944)	NN
1314	samaywas	'belt'	(Shipley; based on Newman)	NN
1315	sa'nac'	'rattle'	(Shipley; based on Newman)	NN
1316	sanli:ya'	'watermelon'	(Shipley; based on Newman)	NN
1317	sapsapic'	'mouse'	(Shipley; based on Newman)	NN
1318	sasa'	'eye'	(Newman 1944)	NN
1319	shra:yip'	'rainbow'	(Shipley; based on Newman)	NN
1320	shraxatr	'willow tree'	(Shipley; based on Newman)	NN
1321	shre:ma'	'headdress'	(Shipley; based on Newman)	NN
1322	shrikil'	'arrow'	(Shipley; based on Newman)	NN
1323	shrilel	'stone'	(Newman 1944)	NN
1324	shrilishr	'hair'	(Shipley; based on Newman)	NN
1325	shroglon'o'	'hole'	(Shipley; based on Newman)	NN
1326	shrogol	'hole'	(Shipley; based on Newman)	NN
1327	shrokiw	'wind'	(Shipley; based on Newman)	NN
1328	shrop'ix	'stomach, paunch'	(Shipley; based on Newman)	NN
1329	shropon	'blanket'	(Shipley; based on Newman)	NN
1330	shroyol	'antelope'	(Shipley; based on Newman)	NN
1331	shrugutr'	'hole in the penis'	(Shipley; based on Newman)	NN
1332	shruto:sul	'shirt'	(Newman 1944)	NN
1333	shru'un	'granary'	(Shipley; based on Newman)	NN
1334	shruxup'	'large hawk'	(Shipley; based on Newman)	NN
1335	silel	'rock'	(Shipley; based on Newman)	NN
1336	simix	'dried tears (mixed with face dirt)'	(Shipley; based on Newman)	NN
1337	so:gon	'Indian tobacco weed'	(Shipley; based on Newman)	NN
1338	so:win	'wild dove'	(Shipley; based on Newman)	NN
1339	sohgoy	'elk'	(Shipley; based on Newman)	NN
1340	sohow	'Indian tobacco'	(Shipley; based on Newman)	NN
1341	son'lic'	'pack strap'	(Shipley; based on Newman)	NN
1342	sono:dip	'wild grapes'	(Shipley; based on Newman)	NN
1343	soxsox	'hawk, fish hawk'	(Shipley; based on Newman)	NN
1344	suxsay	'sand'	(Shipley; based on Newman)	NN
1345	t'a:ca'	'left side'	(Shipley; based on Newman)	NN
1346	t'a:nawutr	'grasshopper'	(Shipley; based on Newman)	NN
1347	t'acnaya	'left-handed person'	(Shipley; based on Newman)	NN
1348	tam'ay	'sandal'	(Shipley; based on Newman)	NN
1349	tana:'ey	'footprint'	(Newman 1944)	NN
1350	tana:'iy	'footprints, tracks'	(Shipley; based on Newman)	NN
1351	t'ayak	'the little finger'	(Shipley; based on Newman)	NN
1352	t'aywan'	'type of basket'	(Shipley; based on Newman)	NN
1353	t'e:bik'	'seal (animal)'	(Shipley; based on Newman)	NN
1354	t'e:pin	'acorn mush'	(Newman 1944)	NN
1355	t'e:pin	'acorn mush'	(Shipley; based on Newman)	NN
1356	t'e:wichr	'basket in hole for acorns'	(Shipley; based on Newman)	NN
1357	teshhpan'yishr	'sequoia'	(Shipley; based on Newman)	NN
1358	ti'itr	'louse'	(Shipley; based on Newman)	NN
1359	t'imitr	'eyebrow'	(Shipley; based on Newman)	NN
1360	tinel	'hole'	(Newman 1944)	NN
1361	t'inew	'notch'	(Shipley; based on Newman)	NN
1362	tin'lin'in	'Tejon tribe'	(Shipley; based on Newman)	NN
1363	tipik'	'tick'	(Shipley; based on Newman)	NN
1364	tis'a'	'sucker fish (first to come out after winter)'	(Shipley; based on Newman)	NN
1365	tismay'a'	'springtime'	(Shipley; based on Newman)	NN
1366	to:nas	'digger pine tree'	(Shipley; based on Newman)	NN
1367	to:wixit	'white oak'	(Shipley; based on Newman)	NN
1368	to:wixit	'white oak, small mountain oak'	(Shipley; based on Newman)	NN
1369	to:xiw	'cheek'	(Shipley; based on Newman)	NN
1370	t'on'o:trim	'transvestite'	(Newman 1944)	NN
1371	totr	'belly'	(Newman 1944)	NN
1372	toxil	'west'	(Shipley; based on Newman)	NN
1373	toy'ni'	'middle one'	(Shipley; based on Newman)	NN
1374	toy'no'	'night'	(Newman 1944)	NN
1375	toy'no'	'night'	(Shipley; based on Newman)	NN
1376	tr'a:y'ak'	'filth'	(Shipley; based on Newman)	NN
1377	tra:y'i'	'down (on bird)'	(Shipley; based on Newman)	NN
1378	tr'alap	'bow'	(Newman 1944)	NN
1379	tr'aniw	'badger'	(Newman 1944)	NN
1380	tran'k'a'	'buzzard'	(Shipley; based on Newman)	NN
1381	tr'ap	'bow used for hunting'	(Shipley; based on Newman)	NN
1382	tra'tra'	'ally'	(Newman 1944)	NN
1383	traw'ni'	'same kind, previously mentioned number'	(Shipley; based on Newman)	NN
1384	tr'e:'itr'	'conjurer'	(Shipley; based on Newman)	NN
1385	tre:lis	'yellow seed plant, made into beverage'	(Shipley; based on Newman)	NN
1386	tr'e:sa'	'bile'	(Shipley; based on Newman)	NN
1387	tre:yey	'tooth'	(Newman 1944)	NN
1388	tre:yiy	'teeth'	(Shipley; based on Newman)	NN
1389	tri'	'house'	(Newman 1944)	NN
1390	tr'ibe:k'il	'mud'	(Shipley; based on Newman)	NN
1391	trik'it'	'stench'	(Shipley; based on Newman)	NN
1392	tr'ilil	'gizzard'	(Shipley; based on Newman)	NN
1393	trinik'	'nose'	(Shipley; based on Newman)	NN
1394	tripis	'tribe'	(Newman 1944)	NN
1395	tripna'	'magic power'	(Shipley; based on Newman)	NN
1396	tripnasa'	'power'	(Shipley; based on Newman)	NN
1397	tripni'	'one endowed with magic powers'	(Newman 1944)	NN
1398	tr'it'et'	'anus'	(Newman 1944)	NN
1399	tr'it't'iyin	'raccoon'	(Newman 1944)	NN
1400	tr'iwissa'	'yellowhammer'	(Shipley; based on Newman)	NN
1401	triy'lum	'medicine man, snake charmer'	(Shipley; based on Newman)	NN
1402	triy'lum	'snake charmer, medicine man'	(Shipley; based on Newman)	NN
1403	triy'xala'	'talker'	(Shipley; based on Newman)	NN
1404	tr'o:dod	'bark, skin of fruit'	(Shipley; based on Newman)	NN
1405	tro:litr	'canyon'	(Shipley; based on Newman)	NN
1406	tro:litr	'ravine, river, canyon'	(Shipley; based on Newman)	NN
1407	tro:pox	'sweat'	(Shipley; based on Newman)	NN
1408	tro:xon'	'belt-skirt used in ceremonial dances'	(Shipley; based on Newman)	NN
1409	tr'odin	'hide, strap'	(Shipley; based on Newman)	NN
1410	tr'odo'	'turtle'	(Newman 1944)	NN
1411	tron'op'	'nose mucus, snot'	(Shipley; based on Newman)	NN
1412	tron'op'	'snot'	(Shipley; based on Newman)	NN
1413	tr'opno'	'mountain quail'	(Shipley; based on Newman)	NN
1414	tropol	'frost, ice, icicle'	(Shipley; based on Newman)	NN
1415	trot'oy	'penis'	(Shipley; based on Newman)	NN
1416	tr'oxil'	'bald eagle'	(Shipley; based on Newman)	NN
1417	tr'oxil	'eagle'	(Newman 1944)	NN
1418	troxotr	'soaproot plant'	(Shipley; based on Newman)	NN
1419	trumut	'pubic hair'	(Shipley; based on Newman)	NN
1420	trumyun	'widow, widower'	(Newman 1944)	NN
1421	tr'un	'anal hair'	(Shipley; based on Newman)	NN
1422	trunowsol	'door'	(Newman 1944)	NN
1423	tr'unul	'wildcat'	(Shipley; based on Newman)	NN
1424	tuk'	'ear'	(Newman 1944)	NN
1425	tuk'	'ear'	(Newman 1944)	NN
1426	tuk'uyun	'jackrabbit'	(Newman 1944)	NN
1427	tulay'is	'an impossible place'	(Shipley; based on Newman)	NN
1428	tun	'mountain pine'	(Shipley; based on Newman)	NN
1429	tupwas	'joint of body'	(Shipley; based on Newman)	NN
1430	tuyatr'	'unhandy person, person who doesn't do things well'	(Shipley; based on Newman)	NN
1431	t'uyos	'arrow'	(Newman 1944)	NN
1432	'uguggu'	'frog'	(Shipley; based on Newman)	NN
1433	'uhuy	'a cold, mucus'	(Shipley; based on Newman)	NN
1434	'ulusk'uy	'meadowlark'	(Shipley; based on Newman)	NN
1435	'umutr	'clitoris'	(Shipley; based on Newman)	NN
1436	'uplalli'	'wild dove'	(Newman 1944)	NN
1437	'ushruk'	'heart'	(Newman 1944)	NN
1438	'ushruk'	'heart'	(Shipley; based on Newman)	NN
1439	'uwas	'grass'	(Shipley; based on Newman)	NN
1440	wa:xatr'	'crane'	(Shipley; based on Newman)	NN
1441	wa:yu'	'buckskin'	(Shipley; based on Newman)	NN
1442	wa:yu'	'yellow; buckskin'	(Shipley; based on Newman)	NN
1443	wac'as	'cradle'	(Shipley; based on Newman)	NN
1444	wac'was	'stake in gambling'	(Shipley; based on Newman)	NN
1445	wagtral	'orphan'	(Newman 1944)	NN
1446	wagtral	'orphan'	(Shipley; based on Newman)	NN
1447	wahay'i'	'poison arrow'	(Shipley; based on Newman)	NN
1448	wakay	'gap, swale'	(Shipley; based on Newman)	NN
1449	walatr	'neck ornament, incl. necklace or tie'	(Shipley; based on Newman)	NN
1450	wallal	'open, bare place'	(Shipley; based on Newman)	NN
1451	wasat	'scar'	(Shipley; based on Newman)	NN
1452	watak'	'pine nut'	(Shipley; based on Newman)	NN
1453	wat'im	'back'	(Shipley; based on Newman)	NN
1454	wazham'	'feather ornament used in healing ceremony'	(Shipley; based on Newman)	NN
1455	we:chr'iyip'	'sapling oak'	(Shipley; based on Newman)	NN
1456	wehe:sit	'mountain lion'	(Newman 1944)	NN
1457	wek'wek'	'worm'	(Shipley; based on Newman)	NN
1458	wew'coy	'wild bird'	(Shipley; based on Newman)	NN
1459	wic'et	'stick'	(Shipley; based on Newman)	NN
1460	wichr'	'condor'	(Newman 1944)	NN
1461	wichr'	'large eagle (condor?)'	(Shipley; based on Newman)	NN
1462	wichr'il	'stick used in playing allewas'	(Shipley; based on Newman)	NN
1463	wile:li'	'long spotted lizard'	(Shipley; based on Newman)	NN
1464	wina:t'um	'crier, messenger'	(Shipley; based on Newman)	NN
1465	wishrac'	'arrow-straightener'	(Newman 1944)	NN
1466	wishre:ta'	'elder'	(Shipley; based on Newman)	NN
1467	witeb	'child'	(Newman 1944)	NN
1468	wo:gaygichr	'butterfly'	(Shipley; based on Newman)	NN
1469	wo:kumchriyna'	'bird sp.'	(Shipley; based on Newman)	NN
1470	wodo:dishr	'heel'	(Shipley; based on Newman)	NN
1471	wosok'	'belt'	(Shipley; based on Newman)	NN
1472	wule:wu'	'sheep'	(Shipley; based on Newman)	NN
1473	xa:lay	'seed beater'	(Shipley; based on Newman)	NN
1474	xa:matr'	'rib'	(Shipley; based on Newman)	NN
1475	xa:pal	'feathers'	(Shipley; based on Newman)	NN
1476	xa:pal	'wings, feathers'	(Shipley; based on Newman)	NN
1477	xala'	'cane'	(Shipley; based on Newman)	NN
1478	xala'	'swordgrass, cane'	(Shipley; based on Newman)	NN
1479	xappa:l	'finger'	(Newman 1944)	NN
1480	xappal	'finger'	(Shipley; based on Newman)	NN
1481	xat	'food'	(Newman 1944)	NN
1482	xatac'	'seed'	(Newman 1944)	NN
1483	xe:six	'claw'	(Shipley; based on Newman)	NN
1484	xinic'	'nape of neck'	(Shipley; based on Newman)	NN
1485	xisewsil	'scales of fish'	(Shipley; based on Newman)	NN
1486	xo:lanitr	'small weed with fuzzy leaves and small purple blossoms'	(Shipley; based on Newman)	NN
1487	xo:witr	'hail, sleet'	(Shipley; based on Newman)	NN
1488	xo:witr	'sleet, hail'	(Shipley; based on Newman)	NN
1489	xo'itr'	'afterbirth'	(Shipley; based on Newman)	NN
1490	xolom	'clover'	(Shipley; based on Newman)	NN
1491	xolpo:yi'	'large lizard sp.'	(Shipley; based on Newman)	NN
1492	xolpo:yi'	'lizard'	(Newman 1944)	NN
1493	xontol	'roe'	(Shipley; based on Newman)	NN
1494	xot'o'	'rain prophet'	(Shipley; based on Newman)	NN
1495	xotr'oy	'ground, soil'	(Shipley; based on Newman)	NN
1496	xoy	'deer'	(Newman 1944)	NN
1497	xul'a'	'swift one'	(Shipley; based on Newman)	NN
1498	xum'na'	'long bone beads; anything brittle'	(Shipley; based on Newman)	NN
1499	ya:wil	'grass'	(Newman 1944)	NN
1500	yaw'lic'	'wolf'	(Newman 1944)	NN
1501	yax	'reptile, snake (general term)'	(Shipley; based on Newman)	NN
1502	ye:bitr'	'lip'	(Shipley; based on Newman)	NN
1503	yime:itr'	'water duck'	(Newman notes book 1 story 3)	NN
1504	yiy'ca	'only (one), alone'	(Newman 1944)	NN
1505	yokoc'	'person, people'	(Newman 1944: 196)	NN
1506	yo:kic'a	'relatives'	(Shipley; based on Newman)	NN
1507	yonxo'	'gray squirrel'	(Shipley; based on Newman)	NN
1508	zhriwig(?)	'elbow'	(Shipley; based on Newman)	NN
1509	zhu'ba'	'a part'	(Shipley; based on Newman)	NN
1510	zhu'ban'a'	'a half'	(Shipley; based on Newman)	NN
1511	zhux	'headdress worn by shamans and dancers'	(Shipley; based on Newman)	NN
1512	wichreb	'offspring, child'	(Newman 1944: 226)	NN
1513	manal	'tear'	(Newman 1944: 16)	NN
1514	wichribhay	'children'	(Newman 1944: 198)	NN
1515	trumoynac'	'widows'	(Newman 1944: 209)	NN
1516	xomo:ti'	'south'	(Newman 1944: 220)	NN
1517	xosim	'north'	(Newman 1944: 220)	NN
1518	'i'	'or'	(Newman 1944: 238)	CC
1519	'o'	'or'	(Newman 1944: 238)	CC
1520	ki	'when'	(Newman 1944: 237)	CC
1521	me'zhi'	'because'	(Newman 1944: 237)	CC
1522	traw	'if'	(Newman 1944: 238)	CC
1523	wa	'however'	(Newman 1944: 238)	CC
1524	wilshrin	'but, in spite of that'	(Newman 1944: 238)	CC
1525	yow	'and, also, again'	(Newman 1944: 238)	CC
1526	'ama'	'and, then'	(Newman 1944: 238)	CC
1527	ki	'this.SG.NOM'	(Newman 1944:228)	DT
1528	tra	'that.SG.NOM'	(Newman 1944:228)	DT
1529	ke:'in	'this.SG.GEN'	(Newman 1944:228)	DT
1530	tra:'in	'that.SG.GEN'	(Newman 1944:228)	DT
1531	kin	'this.SG.PRIM'	(Newman 1944:228)	DT
1532	tran	'that.SG.PRIM'	(Newman 1944:228)	DT
1533	ke:ni	'this.SG.SEC'	(Newman 1944:228)	DT
1534	tra:ni	'that.SG.SEC'	(Newman 1944:228)	DT
1535	ke:nit	'this.SG.ABL'	(Newman 1944:229)	DT
1536	tra:nit	'that.SG.ABL'	(Newman 1944:229)	DT
1537	kew	'this.SG.LOC'	(Newman 1944:229)	DT
1538	traw	'that.SG.LOC'	(Newman 1944:229)	DT
1539	kisik'	'this.DU.NOM'	(Newman 1944:229)	DT
1540	trasik'	'that.DU.NOM'	(Newman 1944:229)	DT
1541	kisikwin	'this.DU.GEN'	(Newman 1944:229)	DT
1542	trasikwin	'that.DU.GEN'	(Newman 1944:229)	DT
1543	kisikwa	'this.DU.PRIM'	(Newman 1944:229)	DT
1544	trasikwa	'that.DU.PRIM'	(Newman 1944:229)	DT
1545	kisikwa:ni	'this.DU.SEC'	(Newman 1944:229)	DT
1546	trasikwa:ni	'that.DU.SEC'	(Newman 1944:229)	DT
1547	kisikwa:nit	'this.DU.ABL'	(Newman 1944:229)	DT
1548	trasikwa:nit	'that.DU.ABL'	(Newman 1944:229)	DT
1549	kisikwaw	'this.DU.LOC'	(Newman 1944:229)	DT
1550	trasikwaw	'that.DU.LOC'	(Newman 1944:229)	DT
1551	kisin	'this.PL.NOM'	(Newman 1944:229)	DT
1552	trasin	'that.PL.NOM'	(Newman 1944:229)	DT
1553	kisinwin	'this.PL.GEN'	(Newman 1944:229)	DT
1554	trasinwin	'that.PL.GEN'	(Newman 1944:229)	DT
1555	kisinwa	'this.PL.PRIM'	(Newman 1944:229)	DT
1556	trasinwa	'that.PL.PRIM'	(Newman 1944:229)	DT
1557	kisinwa:ni	'this.PL.SEC'	(Newman 1944:229)	DT
1558	trasinwa:ni	'that.PL.SEC'	(Newman 1944:229)	DT
1559	kisinwa:nit	'this.PL.ABL'	(Newman 1944:229)	DT
1560	trasinwa:nit	'that.PL.ABL'	(Newman 1944:229)	DT
1561	kisinwaw	'this.PL.LOC'	(Newman 1944:229)	DT
1562	trasinwaw	'that.PL.LOC'	(Newman 1944:229)	DT
1563	dotr'bishrin	'ugly, homely'	(Shipley; based on Newman)	JJ
1564	dotr'i'	'bad'	(Newman 1944: 223)	JJ
1565	gude'	'small'	(Newman 1944: 38)	JJ
1566	guchre'	'tiny'	(Newman 1944: 38)	JJ
1567	hac'a:mi'	'new'	(Shipley; based on Newman)	JJ
1568	hap'ic'	'sofy (sic)'	(Shipley; based on Newman)	JJ
1569	hawchrin	'a few'	(Shipley; based on Newman)	JJ
1570	k'idet'	'short'	(Shipley; based on Newman)	JJ
1571	k'it'trin	'stingy'	(Shipley; based on Newman)	JJ
1572	lagil	'different'	(Newman 1944)	JJ
1573	shrin'a'	'lean, consumptive'	(Shipley; based on Newman)	JJ
1574	tiw'as	'strong'	(Newman 1944: 223)	JJ
1575	tixit	'painful, sick, ill'	(Shipley; based on Newman)	JJ
1576	toc'o:hoy	'unimportant'	(Shipley; based on Newman)	JJ
1577	trum'uk'	'warm, lukewarm'	(Shipley; based on Newman)	JJ
1578	tulay'is	'difficult'	(Shipley; based on Newman)	JJ
1579	wa'atr'	'long'	(Newman 1944)	JJ
1580	wa'atr'	'long, tall'	(Shipley; based on Newman)	JJ
1581	zhilab	'swift'	(Newman 1944)	JJ
1582	c'iyugay	'green'	(Shipley; based on Newman)	JJ
1583	dindinitr'	'thick'	(Shipley; based on Newman)	JJ
1584	diwitr'	'hard, tough'	(Newman 1944: 223)	JJ
1585	hic'ya'	'permanent, solid'	(Shipley; based on Newman)	JJ
1586	homhomik'	'generous, liberal'	(Shipley; based on Newman)	JJ
1587	k'abit'	'warm'	(Newman 1944: 223)	JJ
1588	mutr'k'an'a'	'smoky'	(Shipley; based on Newman)	JJ
1589	tr'axya'	'dry'	(*Harrington, Reel 89, Slide 255, community dict)	JJ
1590	mani'	'much, many'	(Newman 1944)	JJ
1591	may'e:k	'big'	(Newman 1944: 216)	JJ
1592	ye:t'	'one'	(Newman 1944: 55)	JJ
1593	bonoy	'two'	(Newman 1944: 55)	JJ
1594	shro:pe:n	'three'	(Newman 1944: 55)	JJ
1595	hodbonoy	'four'	(Newman 1944: 55)	JJ
1596	yit'sinil	'five'	(Newman 1944: 55)	JJ
1597	c'olip'e:y	'six'	(Newman 1944: 55)	JJ
1598	nomc'e:l	'seven'	(Newman 1944: 55)	JJ
1599	mun'o:s	'eight'	(Newman 1944: 55)	JJ
1600	soponho:d	'nine'	(Newman 1944: 55)	JJ
1601	tr'iy'e:w	'ten'	(Newman 1944: 55)	JJ
1602	tr'ama'	'blind'	(Vera & Clark 2002: 36)	JJ
1603	wa'	'far away'	(Newman 1944: 125)	JJ
1604	pac'ikin	'red'	(Vera & Clark 2002: 305; cf. Newman 1944: 106; exact form unknown)	JJ
1605	h:h'	'yes'	(Newman 1944: 238)	UH
1606	hiydege'	'DOUBT/SURPRISE'	(Newman 1944: 238)	UH
1607	hiyuk	'hello'	(Newman 1944: 238)	UH
1608	wi:	'ANNOYANCE'	(Newman 1944: 239)	UH
1609	yah	'hey!'	(Newman 1944: 239)	UH
1610	'h	'oh!'	(Newman 1944: 239)	UH
1611	'e:	'AMAZEMENT'	(Newman 1944: 239)	UH
1612	'in:	'FEAR'	(Newman 1944: 239)	UH
